1;0,166;5;0,651;5;4;Si;1;0,216;10;0,779;10;30;Si;1;24;Si;1
2;0,07;5;0,956;7;4;Si;2;0,377;12;0,507;10;34;No;1;26;Si;2
3;0,107;5;0,521;5;4;Si;3;0,824;14;0,702;10;34;No;1;28;Si;3
4;0,993;8;0,291;5;4;Si;4;0,131;10;0,711;10;33;No;1;24;Si;4
5;0,916;8;0,551;5;4;Si;5;0,447;12;0,306;10;35;No;1;26;Si;5
6;0,155;5;0,193;3;4;Si;6;0,483;12;0,944;10;30;Si;2;26;Si;6
7;0,583;6;0,824;7;4;Si;7;0,718;14;0,273;10;37;No;2;28;Si;7
8;0,748;7;0,164;3;4;Si;8;0,72;14;0,141;8;32;Si;3;26;Si;8
9;0,239;5;0,221;5;4;Si;9;0,937;16;0,537;10;36;No;3;30;Si;9
10;0,325;6;0,959;7;4;Si;10;0,155;10;0,913;10;33;No;3;24;Si;10
11;0,511;6;0,399;5;4;Si;11;0,177;10;0,536;10;31;Si;4;24;Si;11
12;0,389;6;0,445;5;4;Si;12;0,334;12;0,856;10;33;No;4;26;Si;12
13;0,253;6;0,882;7;4;Si;13;0,81;14;0,993;10;37;No;4;28;Si;13
14;0,121;5;0,279;5;4;Si;14;0,5;12;0,717;10;32;Si;5;26;Si;14
15;0,574;6;0,364;5;4;Si;15;0,644;14;0,297;10;35;No;5;28;Si;15
16;0,224;5;0,817;7;4;Si;16;0,255;12;0,122;8;32;Si;6;24;Si;16
17;0,551;6;0,59;5;4;Si;17;0,824;14;0,764;10;35;No;6;28;Si;17
18;0,63;7;0,16;3;4;Si;18;0,348;12;0,7;10;32;Si;7;26;Si;18
19;0,387;6;0,866;7;4;Si;19;0,845;14;0,218;8;35;No;7;26;Si;19
20;0,705;7;0,978;7;4;Si;20;0,618;14;0,988;10;38;No;7;28;Si;20
21;0,743;7;0,769;7;4;Si;21;0,77;14;0,987;10;38;No;7;28;Si;21
22;0,274;6;0,205;5;4;Si;22;0,361;12;0,684;10;33;No;7;26;Si;22
23;0,195;5;0,854;7;4;Si;23;0,404;12;0,718;10;34;No;7;26;Si;23
24;0,767;7;0,44;5;4;Si;24;0,034;10;0,246;8;30;Si;8;22;Si;24
25;0,221;5;0,531;5;4;Si;25;0,293;12;0,274;10;32;Si;9;26;Si;25
26;0,942;8;0,461;5;4;Si;26;0,81;14;0,131;8;35;No;9;26;Si;26
27;0,581;6;0,238;5;4;Si;27;0,267;12;0,736;10;33;No;9;26;Si;27
28;0,845;7;0,321;5;4;Si;28;0,69;14;0,39;10;36;No;9;28;Si;28
29;0,748;7;0,411;5;4;Si;29;0,804;14;0,881;10;36;No;9;28;Si;29
30;0,792;7;0,02;3;4;Si;30;0,487;12;0,908;10;32;Si;10;26;Si;30
31;0,41;6;0,63;5;4;Si;31;0,569;12;0,313;10;33;No;10;26;Si;31
32;0,892;8;0,22;5;4;Si;32;0,059;10;0,544;10;33;No;10;24;Si;32
33;0,434;6;0,697;5;4;Si;33;0,936;16;0,72;10;37;No;10;30;Si;33
34;0,24;5;0,715;5;4;Si;34;0,406;12;0,844;10;32;Si;11;26;Si;34
35;0,351;6;0,79;7;4;Si;35;0,556;12;0,837;10;35;No;11;26;Si;35
36;0,402;6;0,324;5;4;Si;36;0,896;16;0,609;10;37;No;11;30;Si;36
37;0,775;7;0,225;5;4;Si;37;0,719;14;0,622;10;36;No;11;28;Si;37
38;0,119;5;0,988;7;4;Si;38;0,025;10;0,829;10;32;Si;12;24;Si;38
39;0,915;8;0,475;5;4;Si;39;0,129;10;0,999;10;33;No;12;24;Si;39
40;0,38;6;0,504;5;4;Si;40;0,5;12;0,936;10;33;No;12;26;Si;40
41;0,046;5;0,086;3;4;Si;41;0,285;12;0,865;10;30;Si;13;26;Si;41
42;0,498;6;0,635;5;4;Si;42;0,955;16;0,435;10;37;No;13;30;Si;42
43;0,228;5;0,059;3;4;Si;43;0,643;14;0,081;8;30;Si;14;26;Si;43
44;0,259;6;0,327;5;4;Si;44;0,489;12;0,905;10;33;No;14;26;Si;44
45;0,063;5;0,32;5;4;Si;45;0,796;14;0,37;10;34;No;14;28;Si;45
46;0,418;6;0,878;7;4;Si;46;0,185;10;0,296;10;33;No;14;24;Si;46
47;0,722;7;0,631;5;4;Si;47;0,995;16;0,847;10;38;No;14;30;Si;47
48;0,765;7;0,624;5;4;Si;48;0,199;10;0,543;10;32;Si;15;24;Si;48
49;0,368;6;0,132;3;4;Si;49;0,813;14;0,452;10;33;No;15;28;Si;49
50;0,295;6;0,826;7;4;Si;50;0,279;12;0,596;10;35;No;15;26;Si;50
51;0,821;7;0,219;5;4;Si;51;0,739;14;0,079;8;34;No;15;26;Si;51
52;0,615;7;0,014;3;4;Si;52;0,972;16;0,379;10;36;No;15;30;Si;52
53;0,77;7;0,923;7;4;Si;53;0,062;10;0,741;10;34;No;15;24;Si;53
54;0,955;8;0,811;7;4;Si;54;0,615;14;0,607;10;39;No;15;28;Si;54
55;0,946;8;0,247;5;4;Si;55;0,711;14;0,748;10;37;No;15;28;Si;55
56;0,44;6;0,78;7;4;Si;56;0,39;12;0,416;10;35;No;15;26;Si;56
57;0,269;6;0,499;5;4;Si;57;0,05;10;0,036;8;29;Si;16;22;Si;57
58;0,012;5;0,184;3;4;Si;58;0,773;14;0,224;8;30;Si;17;26;Si;58
59;0,575;6;0,552;5;4;Si;59;0,214;10;0,385;10;31;Si;18;24;Si;59
60;0,743;7;0,309;5;4;Si;60;0,912;16;0,051;8;36;No;18;28;Si;60
61;0,86;8;0,5;5;4;Si;61;0,758;14;0,674;10;37;No;18;28;Si;61
62;0,632;7;0,986;7;4;Si;62;0,836;14;0,429;10;38;No;18;28;Si;62
63;0,807;7;0,162;3;4;Si;63;0,145;10;0,425;10;30;Si;19;24;Si;63
64;0,685;7;0,95;7;4;Si;64;0,216;10;0,134;8;32;Si;20;22;Si;64
65;0,347;6;0,2;5;4;Si;65;0,658;14;0,852;10;35;No;20;28;Si;65
66;0,493;6;0,128;3;4;Si;66;0,672;14;0,548;10;33;No;20;28;Si;66
67;0,757;7;0,659;5;4;Si;67;0,283;12;0,668;10;34;No;20;26;Si;67
68;0,534;6;0,234;5;4;Si;68;0,615;14;0,223;8;33;No;20;26;Si;68
69;0,005;5;0,44;5;4;Si;69;0,465;12;0,78;10;32;Si;21;26;Si;69
70;0,767;7;0,79;7;4;Si;70;0,877;16;0,203;8;38;No;21;28;Si;70
71;0,185;5;0,472;5;4;Si;71;0,809;14;0,626;10;34;No;21;28;Si;71
72;0,437;6;0,8;7;4;Si;72;0,298;12;0,936;10;35;No;21;26;Si;72
73;0,587;6;0,076;3;4;Si;73;0,916;16;0,933;10;35;No;21;30;Si;73
74;0,485;6;0,421;5;4;Si;74;0,039;10;0,404;10;31;Si;22;24;Si;74
75;0,045;5;0,723;5;4;Si;75;0,656;14;0,031;8;32;Si;23;26;Si;75
76;0,007;5;0,308;5;4;Si;76;0,879;16;0,478;10;36;No;23;30;Si;76
77;0,228;5;0,774;7;4;Si;77;0,959;16;0,942;10;38;No;23;30;Si;77
78;0,888;8;0,204;5;4;Si;78;0,213;10;0,747;10;33;No;23;24;Si;78
79;0,867;8;0,667;5;4;Si;79;0,373;12;0,614;10;35;No;23;26;Si;79
80;0,668;7;0,647;5;4;Si;80;0,255;12;0,977;10;34;No;23;26;Si;80
81;0,79;7;0,839;7;4;Si;81;0,107;10;0,016;8;32;Si;24;22;Si;81
82;0,627;7;0,616;5;4;Si;82;0,524;12;0,89;10;34;No;24;26;Si;82
83;0,195;5;0,979;7;4;Si;83;0,262;12;0,557;10;34;No;24;26;Si;83
84;0,674;7;0,371;5;4;Si;84;0,883;16;0,797;10;38;No;24;30;Si;84
85;0,179;5;0,54;5;4;Si;85;0,408;12;0,242;8;30;Si;25;24;Si;85
86;0,483;6;0,483;5;4;Si;86;0,861;16;0,821;10;37;No;25;30;Si;86
87;0,845;7;0,622;5;4;Si;87;0,431;12;0,403;10;34;No;25;26;Si;87
88;0,199;5;0,001;3;4;Si;88;0,943;16;0,792;10;34;No;25;30;Si;88
89;0,681;7;0,403;5;4;Si;89;0,742;14;0,26;10;36;No;25;28;Si;89
90;0,382;6;0,393;5;4;Si;90;0,214;10;0,274;10;31;Si;26;24;Si;90
91;0,656;7;0,301;5;4;Si;91;0,712;14;0,959;10;36;No;26;28;Si;91
92;0,67;7;0,4;5;4;Si;92;0,518;12;0,285;10;34;No;26;26;Si;92
93;0,022;5;0,647;5;4;Si;93;0,832;14;0,015;8;32;Si;27;26;Si;93
94;0,833;7;0,817;7;4;Si;94;0,527;12;0,552;10;36;No;27;26;Si;94
95;0,191;5;0,073;3;4;Si;95;0,647;14;0,327;10;32;Si;28;28;Si;95
96;0,388;6;0,313;5;4;Si;96;0,151;10;0,632;10;31;Si;29;24;Si;96
97;0,071;5;0,438;5;4;Si;97;0,358;12;0,51;10;32;Si;30;26;Si;97
98;0,157;5;0,317;5;4;Si;98;0,249;10;0,556;10;30;Si;31;24;Si;98
99;0,961;8;0;3;4;Si;99;0,996;16;0,297;10;37;No;31;30;Si;99
100;0,273;6;0,159;3;4;Si;100;0,598;12;0,675;10;31;Si;32;26;Si;100
101;0,644;7;0,121;3;4;Si;101;0,022;10;0,13;8;28;Si;33;22;Si;101
102;0,801;7;0,895;7;4;Si;102;0,734;14;0,726;10;38;No;33;28;Si;102
103;0,486;6;0,666;5;4;Si;103;0,325;12;0,398;10;33;No;33;26;Si;103
104;0,217;5;0,624;5;4;Si;104;0,415;12;0,51;10;32;Si;34;26;Si;104
105;0,745;7;0,746;5;4;Si;105;0,261;12;0,151;8;32;Si;35;24;Si;105
106;0,445;6;0,929;7;4;Si;106;0,629;14;0,342;10;37;No;35;28;Si;106
107;0,881;8;0,398;5;4;Si;107;0,528;12;0,962;10;35;No;35;26;Si;107
108;0,684;7;0,339;5;4;Si;108;0,466;12;0,708;10;34;No;35;26;Si;108
109;0,373;6;0,75;7;4;Si;109;0,345;12;0,647;10;35;No;35;26;Si;109
110;0,809;7;0,226;5;4;Si;110;0,318;12;0,409;10;34;No;35;26;Si;110
111;0,546;6;0,859;7;4;Si;111;0,369;12;0,207;8;33;No;35;24;Si;111
112;0,154;5;0,47;5;4;Si;112;0,188;10;0,259;10;30;Si;36;24;Si;112
113;0,789;7;0,698;5;4;Si;113;0,002;10;0,49;10;32;Si;37;24;Si;113
114;0,757;7;0,385;5;4;Si;114;0,172;10;0,229;8;30;Si;38;22;Si;114
115;0,537;6;0,733;5;4;Si;115;0,408;12;0,729;10;33;No;38;26;Si;115
116;0,955;8;0,41;5;4;Si;116;0,75;14;0,973;10;37;No;38;28;Si;116
117;0,351;6;0,581;5;4;Si;117;0,805;14;0,207;8;33;No;38;26;Si;117
118;0,559;6;0,989;7;4;Si;118;0,996;16;0,821;10;39;No;38;30;Si;118
119;0,808;7;0,753;7;4;Si;119;0,236;10;0,779;10;34;No;38;24;Si;119
120;0,466;6;0,723;5;4;Si;120;0,425;12;0,066;8;31;Si;39;24;Si;120
121;0,893;8;0,538;5;4;Si;121;0,752;14;0,961;10;37;No;39;28;Si;121
122;0,968;8;0,506;5;4;Si;122;0,214;10;0,698;10;33;No;39;24;Si;122
123;0,391;6;0,324;5;4;Si;123;0,162;10;0,226;8;29;Si;40;22;Si;123
124;0,526;6;0,62;5;4;Si;124;0,228;10;0,927;10;31;Si;41;24;Si;124
125;0,087;5;0,774;7;4;Si;125;0,172;10;0,627;10;32;Si;42;24;Si;125
126;0,738;7;0,652;5;4;Si;126;0,181;10;0,619;10;32;Si;43;24;Si;126
127;0,968;8;0,103;3;4;Si;127;0,136;10;0,725;10;31;Si;44;24;Si;127
128;0,115;5;0,793;7;4;Si;128;0,981;16;0,013;8;36;No;44;28;Si;128
129;0,052;5;0,307;5;4;Si;129;0,969;16;0,162;8;34;No;44;28;Si;129
130;0,353;6;0,242;5;4;Si;130;0,281;12;0,801;10;33;No;44;26;Si;130
131;0,775;7;0,651;5;4;Si;131;0,326;12;0,867;10;34;No;44;26;Si;131
132;0,857;8;0,746;5;4;Si;132;0,662;14;0,968;10;37;No;44;28;Si;132
133;0,359;6;0,976;7;4;Si;133;0,495;12;0,729;10;35;No;44;26;Si;133
134;0,608;7;0,435;5;4;Si;134;0,822;14;0,88;10;36;No;44;28;Si;134
135;0,421;6;0,528;5;4;Si;135;0,599;12;0,135;8;31;Si;45;24;Si;135
136;0,582;6;0,858;7;4;Si;136;0,893;16;0,65;10;39;No;45;30;Si;136
137;0,434;6;0,54;5;4;Si;137;0,325;12;0,079;8;31;Si;46;24;Si;137
138;0,207;5;0,314;5;4;Si;138;0,535;12;0,927;10;32;Si;47;26;Si;138
139;0,414;6;0,33;5;4;Si;139;0,049;10;0,786;10;31;Si;48;24;Si;139
140;0,264;6;0,369;5;4;Si;140;0,423;12;0,779;10;33;No;48;26;Si;140
141;0,462;6;0,367;5;4;Si;141;0,235;10;0,318;10;31;Si;49;24;Si;141
142;0,685;7;0,857;7;4;Si;142;0,456;12;0,959;10;36;No;49;26;Si;142
143;0,668;7;0,155;3;4;Si;143;0,897;16;0,217;8;34;No;49;28;Si;143
144;0,134;5;0,327;5;4;Si;144;0,745;14;0,378;10;34;No;49;28;Si;144
145;0,865;8;0,514;5;4;Si;145;0,636;14;0,885;10;37;No;49;28;Si;145
146;0,27;6;0,242;5;4;Si;146;0,026;10;0,008;8;29;Si;50;22;Si;146
147;0,469;6;0,493;5;4;Si;147;0,877;16;0,299;10;37;No;50;30;Si;147
148;0,618;7;0,488;5;4;Si;148;0,618;14;0,655;10;36;No;50;28;Si;148
149;0,873;8;0,926;7;4;Si;149;0,185;10;0,334;10;35;No;50;24;Si;149
150;0,603;7;0,64;5;4;Si;150;0,303;12;0,042;8;32;Si;51;24;Si;150
151;0,586;6;0,548;5;4;Si;151;0,781;14;0,169;8;33;No;51;26;Si;151
152;0,57;6;0,22;5;4;Si;152;0,238;10;0,598;10;31;Si;52;24;Si;152
153;0,471;6;0,127;3;4;Si;153;0,923;16;0,003;8;33;No;52;28;Si;153
154;0,891;8;0,371;5;4;Si;154;0,351;12;0,051;8;33;No;52;24;Si;154
155;0,607;7;0,362;5;4;Si;155;0,717;14;0,014;8;34;No;52;26;Si;155
156;0,436;6;0,9;7;4;Si;156;0,96;16;0,221;8;37;No;52;28;Si;156
157;0,152;5;0,964;7;4;Si;157;0,004;10;0,766;10;32;Si;53;24;Si;157
158;0,343;6;0,547;5;4;Si;158;0,911;16;0,536;10;37;No;53;30;Si;158
159;0,864;8;0,312;5;4;Si;159;0,809;14;0,285;10;37;No;53;28;Si;159
160;0,328;6;0,411;5;4;Si;160;0,154;10;0,995;10;31;Si;54;24;Si;160
161;0,868;8;0,322;5;4;Si;161;0,244;10;0,092;8;31;Si;55;22;Si;161
162;0,655;7;0,388;5;4;Si;162;0,073;10;0,989;10;32;Si;56;24;Si;162
163;0,389;6;0,309;5;4;Si;163;0,777;14;0,722;10;35;No;56;28;Si;163
164;0,931;8;0,148;3;4;Si;164;0,841;14;0,602;10;35;No;56;28;Si;164
165;0,029;5;0,047;3;4;Si;165;0,152;10;0,256;10;28;Si;57;24;Si;165
166;0,616;7;0,243;5;4;Si;166;0,736;14;0,583;10;36;No;57;28;Si;166
167;0,069;5;0,393;5;4;Si;167;0,203;10;0,354;10;30;Si;58;24;Si;167
168;0,297;6;0,913;7;4;Si;168;0,594;12;0,245;8;33;No;58;24;Si;168
169;0,422;6;0,901;7;4;Si;169;0,916;16;0,666;10;39;No;58;30;Si;169
170;0,304;6;0,833;7;4;Si;170;0,781;14;0,177;8;35;No;58;26;Si;170
171;0,708;7;0,966;7;4;Si;171;0,871;16;0,51;10;40;No;58;30;Si;171
172;0,171;5;0,689;5;4;Si;172;0,437;12;0,632;10;32;Si;59;26;Si;172
173;0,787;7;0,356;5;4;Si;173;0,321;12;0,571;10;34;No;59;26;Si;173
174;0,556;6;0,989;7;4;Si;174;0,999;16;0,622;10;39;No;59;30;Si;174
175;0,053;5;0,417;5;4;Si;175;0,441;12;0,608;10;32;Si;60;26;Si;175
176;0,951;8;0,745;5;4;Si;176;0,71;14;0,15;8;35;No;60;26;Si;176
177;0,547;6;0,656;5;4;Si;177;0,576;12;0,07;8;31;Si;61;24;Si;177
178;0,573;6;0,509;5;4;Si;178;0,026;10;0,562;10;31;Si;62;24;Si;178
179;0,09;5;0,623;5;4;Si;179;0,68;14;0,672;10;34;No;62;28;Si;179
180;0,109;5;0,233;5;4;Si;180;0,863;16;0,498;10;36;No;62;30;Si;180
181;0,998;8;0,323;5;4;Si;181;0,569;12;0,317;10;35;No;62;26;Si;181
182;0,428;6;0,294;5;4;Si;182;0,582;12;0,57;10;33;No;62;26;Si;182
183;0,002;5;0,313;5;4;Si;183;0,126;10;0,063;8;28;Si;63;22;Si;183
184;0,612;7;0,166;3;4;Si;184;0,172;10;0,669;10;30;Si;64;24;Si;184
185;0,078;5;0,9;7;4;Si;185;0,757;14;0,158;8;34;No;64;26;Si;185
186;0,686;7;0,621;5;4;Si;186;0,554;12;0,148;8;32;Si;65;24;Si;186
187;0,223;5;0,684;5;4;Si;187;0,657;14;0,588;10;34;No;65;28;Si;187
188;0,426;6;0,811;7;4;Si;188;0,693;14;0,612;10;37;No;65;28;Si;188
189;0,987;8;0,104;3;4;Si;189;0,429;12;0,597;10;33;No;65;26;Si;189
190;0,014;5;0,911;7;4;Si;190;0,898;16;0,588;10;38;No;65;30;Si;190
191;0,706;7;0,604;5;4;Si;191;0,026;10;0,899;10;32;Si;66;24;Si;191
192;0,633;7;0,963;7;4;Si;192;0,455;12;0,98;10;36;No;66;26;Si;192
193;0,397;6;0,895;7;4;Si;193;0,219;10;0,988;10;33;No;66;24;Si;193
194;0,18;5;0,291;5;4;Si;194;0,604;14;0,269;10;34;No;66;28;Si;194
195;0,749;7;0,854;7;4;Si;195;0,395;12;0,771;10;36;No;66;26;Si;195
196;0,664;7;0,29;5;4;Si;196;0,135;10;0,508;10;32;Si;67;24;Si;196
197;0,982;8;0,363;5;4;Si;197;0,503;12;0,369;10;35;No;67;26;Si;197
198;0,12;5;0,673;5;4;Si;198;0,242;10;0,971;10;30;Si;68;24;Si;198
199;0,981;8;0,043;3;4;Si;199;0,982;16;0,433;10;37;No;68;30;Si;199
200;0,669;7;0,185;3;4;Si;200;0,584;12;0,405;10;32;Si;69;26;Si;200
201;0,971;8;0,818;7;4;Si;201;0,171;10;0,291;10;35;No;69;24;Si;201
202;0,558;6;0,988;7;4;Si;202;0,281;12;0,67;10;35;No;69;26;Si;202
203;0,072;5;0,681;5;4;Si;203;0,654;14;0,708;10;34;No;69;28;Si;203
204;0,755;7;0,214;5;4;Si;204;0,704;14;0,778;10;36;No;69;28;Si;204
205;0,119;5;0,178;3;4;Si;205;0,069;10;0,66;10;28;Si;70;24;Si;205
206;0,786;7;0,42;5;4;Si;206;0,926;16;0,473;10;38;No;70;30;Si;206
207;0,784;7;0,28;5;4;Si;207;0,758;14;0,505;10;36;No;70;28;Si;207
208;0,418;6;0,037;3;4;Si;208;0,728;14;0,161;8;31;Si;71;26;Si;208
209;0,573;6;0,174;3;4;Si;209;0,429;12;0,315;10;31;Si;72;26;Si;209
210;0,704;7;0,978;7;4;Si;210;0,7;14;0,151;8;36;No;72;26;Si;210
211;0,631;7;0,745;5;4;Si;211;0,663;14;0,517;10;36;No;72;28;Si;211
212;0,539;6;0,245;5;4;Si;212;0,825;14;0,298;10;35;No;72;28;Si;212
213;0,78;7;0,189;3;4;Si;213;0,021;10;0,076;8;28;Si;73;22;Si;213
214;0,862;8;0,401;5;4;Si;214;0,059;10;0,019;8;31;Si;74;22;Si;214
215;0,038;5;0,323;5;4;Si;215;0,383;12;0,454;10;32;Si;75;26;Si;215
216;0,624;7;0,284;5;4;Si;216;0,859;16;0,595;10;38;No;75;30;Si;216
217;0,905;8;0,297;5;4;Si;217;0,464;12;0,933;10;35;No;75;26;Si;217
218;0,585;6;0,314;5;4;Si;218;0,014;10;0,693;10;31;Si;76;24;Si;218
219;0,951;8;0,798;7;4;Si;219;0,128;10;0,855;10;35;No;76;24;Si;219
220;0,498;6;0,373;5;4;Si;220;0,289;12;0,633;10;33;No;76;26;Si;220
221;0,006;5;0,446;5;4;Si;221;0,132;10;0,256;10;30;Si;77;24;Si;221
222;0,598;6;0,187;3;4;Si;222;0,801;14;0,867;10;33;No;77;28;Si;222
223;0,285;6;0,131;3;4;Si;223;0,811;14;0,829;10;33;No;77;28;Si;223
224;0,14;5;0,544;5;4;Si;224;0,826;14;0,855;10;34;No;77;28;Si;224
225;0,095;5;0,242;5;4;Si;225;0,637;14;0,634;10;34;No;77;28;Si;225
226;0,275;6;0,449;5;4;Si;226;0,967;16;0,624;10;37;No;77;30;Si;226
227;0,354;6;0,852;7;4;Si;227;0,933;16;0,157;8;37;No;77;28;Si;227
228;0,765;7;0,783;7;4;Si;228;0,308;12;0,696;10;36;No;77;26;Si;228
229;0,145;5;0,922;7;4;Si;229;0,011;10;0,242;8;30;Si;78;22;Si;229
230;0,573;6;0,889;7;4;Si;230;0,975;16;0,346;10;39;No;78;30;Si;230
231;0,129;5;0,51;5;4;Si;231;0,353;12;0,85;10;32;Si;79;26;Si;231
232;0,526;6;0,094;3;4;Si;232;0,784;14;0,351;10;33;No;79;28;Si;232
233;0,974;8;0,159;3;4;Si;233;0,912;16;0,255;10;37;No;79;30;Si;233
234;0,287;6;0,925;7;4;Si;234;0,515;12;0,854;10;35;No;79;26;Si;234
235;0,563;6;0,573;5;4;Si;235;0,349;12;0,397;10;33;No;79;26;Si;235
236;0,902;8;0,464;5;4;Si;236;0,957;16;0,02;8;37;No;79;28;Si;236
237;0,508;6;0,535;5;4;Si;237;0,624;14;0,893;10;35;No;79;28;Si;237
238;0,004;5;0,405;5;4;Si;238;0,854;16;0,101;8;34;No;79;28;Si;238
239;0,63;7;0,225;5;4;Si;239;0,499;12;0,576;10;34;No;79;26;Si;239
240;0,507;6;0,804;7;4;Si;240;0,963;16;0,668;10;39;No;79;30;Si;240
241;0,775;7;0,402;5;4;Si;241;0,109;10;0,369;10;32;Si;80;24;Si;241
242;0,695;7;0,181;3;4;Si;242;0,31;12;0,353;10;32;Si;81;26;Si;242
243;0,206;5;0,448;5;4;Si;243;0,019;10;0,923;10;30;Si;82;24;Si;243
244;0,034;5;0,178;3;4;Si;244;0,315;12;0,722;10;30;Si;83;26;Si;244
245;0,164;5;0,407;5;4;Si;245;0,255;12;0,938;10;32;Si;84;26;Si;245
246;0,015;5;0,227;5;4;Si;246;0,952;16;0,277;10;36;No;84;30;Si;246
247;0,118;5;0,243;5;4;Si;247;0,988;16;0,021;8;34;No;84;28;Si;247
248;0,999;8;0,414;5;4;Si;248;0,217;10;0,861;10;33;No;84;24;Si;248
249;0,73;7;0,436;5;4;Si;249;0,26;12;0,006;8;32;Si;85;24;Si;249
250;0,024;5;0,813;7;4;Si;250;0,74;14;0,812;10;36;No;85;28;Si;250
251;0,485;6;0,378;5;4;Si;251;0,026;10;0,039;8;29;Si;86;22;Si;251
252;0,306;6;0,354;5;4;Si;252;0,523;12;0,03;8;31;Si;87;24;Si;252
253;0,045;5;0,404;5;4;Si;253;0,002;10;0,034;8;28;Si;88;22;Si;253
254;0,566;6;0,001;3;4;Si;254;0,326;12;0,71;10;31;Si;89;26;Si;254
255;0,555;6;0,964;7;4;Si;255;0,968;16;0,818;10;39;No;89;30;Si;255
256;0,917;8;0,377;5;4;Si;256;0,485;12;0,503;10;35;No;89;26;Si;256
257;0,635;7;0,336;5;4;Si;257;0,416;12;0,89;10;34;No;89;26;Si;257
258;0,625;7;0,432;5;4;Si;258;0,454;12;0,156;8;32;Si;90;24;Si;258
259;0,925;8;0,348;5;4;Si;259;0,037;10;0,548;10;33;No;90;24;Si;259
260;0,553;6;0,293;5;4;Si;260;0,616;14;0,118;8;33;No;90;26;Si;260
261;0,832;7;0,138;3;4;Si;261;0,077;10;0,427;10;30;Si;91;24;Si;261
262;0,136;5;0,091;3;4;Si;262;0,496;12;0,48;10;30;Si;92;26;Si;262
263;0,009;5;0,181;3;4;Si;263;0,428;12;0,587;10;30;Si;93;26;Si;263
264;0,161;5;0,819;7;4;Si;264;0,686;14;0,207;8;34;No;93;26;Si;264
265;0,378;6;0,21;5;4;Si;265;0,875;16;0,337;10;37;No;93;30;Si;265
266;0,851;8;0,404;5;4;Si;266;0,749;14;0,629;10;37;No;93;28;Si;266
267;0,053;5;0,072;3;4;Si;267;0,977;16;0,4;10;34;No;93;30;Si;267
268;0,06;5;0,69;5;4;Si;268;0,641;14;0,1;8;32;Si;94;26;Si;268
269;0,8;7;0,817;7;4;Si;269;0,374;12;0,292;10;36;No;94;26;Si;269
270;0,221;5;0,818;7;4;Si;270;0,509;12;0,002;8;32;Si;95;24;Si;270
271;0,613;7;0,156;3;4;Si;271;0,866;16;0,063;8;34;No;95;28;Si;271
272;0,999;8;0,63;5;4;Si;272;0,264;12;0,481;10;35;No;95;26;Si;272
273;0,441;6;0,44;5;4;Si;273;0,499;12;0,256;10;33;No;95;26;Si;273
274;0,882;8;0,146;3;4;Si;274;0,043;10;0,902;10;31;Si;96;24;Si;274
275;0,702;7;0,936;7;4;Si;275;0,253;12;0,63;10;36;No;96;26;Si;275
276;0,58;6;0,59;5;4;Si;276;0,575;12;0,43;10;33;No;96;26;Si;276
277;0,781;7;0,673;5;4;Si;277;0,193;10;0,518;10;32;Si;97;24;Si;277
278;0,514;6;0,486;5;4;Si;278;0,034;10;0,484;10;31;Si;98;24;Si;278
279;0,508;6;0,689;5;4;Si;279;0,447;12;0,617;10;33;No;98;26;Si;279
280;0,871;8;0,371;5;4;Si;280;0,135;10;0,735;10;33;No;98;24;Si;280
281;0,282;6;0,629;5;4;Si;281;0,888;16;0,384;10;37;No;98;30;Si;281
282;0,401;6;0,058;3;4;Si;282;0,657;14;0,8;10;33;No;98;28;Si;282
283;0,531;6;0,199;3;4;Si;283;0,394;12;0,122;8;29;Si;99;24;Si;283
284;0,054;5;0,945;7;4;Si;284;0,734;14;0,403;10;36;No;99;28;Si;284
285;0,348;6;0,309;5;4;Si;285;0,757;14;0,419;10;35;No;99;28;Si;285
286;0,389;6;0,805;7;4;Si;286;0,016;10;0,87;10;33;No;99;24;Si;286
287;0,32;6;0,166;3;4;Si;287;0,888;16;0,091;8;33;No;99;28;Si;287
288;0,295;6;0,518;5;4;Si;288;0,897;16;0,478;10;37;No;99;30;Si;288
289;0,567;6;0,923;7;4;Si;289;0,832;14;0,605;10;37;No;99;28;Si;289
290;0,479;6;0,082;3;4;Si;290;0,65;14;0,732;10;33;No;99;28;Si;290
291;0,791;7;0,03;3;4;Si;291;0,06;10;0,952;10;30;Si;100;24;Si;291
292;0,281;6;0,674;5;4;Si;292;0,626;14;0,617;10;35;No;100;28;Si;292
293;0,39;6;0,34;5;4;Si;293;0,377;12;0,375;10;33;No;100;26;Si;293
294;0,799;7;0,807;7;4;Si;294;0,929;16;0,557;10;40;No;100;30;Si;294
295;0,084;5;0,17;3;4;Si;295;0,702;14;0,959;10;32;Si;101;28;Si;295
296;0,012;5;0,548;5;4;Si;296;0,518;12;0,465;10;32;Si;102;26;Si;296
297;0,218;5;0,225;5;4;Si;297;0,057;10;0,391;10;30;Si;103;24;Si;297
298;0,945;8;0,746;5;4;Si;298;0,52;12;0,977;10;35;No;103;26;Si;298
299;0,989;8;0,977;7;4;Si;299;0,941;16;0,451;10;41;No;103;30;Si;299
300;0,283;6;0,148;3;4;Si;300;0,62;14;0,652;10;33;No;103;28;Si;300
301;0,562;6;0,709;5;4;Si;301;0,345;12;0,993;10;33;No;103;26;Si;301
302;0,449;6;0,49;5;4;Si;302;0,105;10;0,146;8;29;Si;104;22;Si;302
303;0,664;7;0,902;7;4;Si;303;0,993;16;0,023;8;38;No;104;28;Si;303
304;0,896;8;0,358;5;4;Si;304;0,629;14;0,489;10;37;No;104;28;Si;304
305;0,252;6;0,365;5;4;Si;305;0,01;10;0,543;10;31;Si;105;24;Si;305
306;0,374;6;0,484;5;4;Si;306;0,56;12;0,935;10;33;No;105;26;Si;306
307;0,321;6;0,237;5;4;Si;307;0,293;12;0,987;10;33;No;105;26;Si;307
308;0,826;7;0,687;5;4;Si;308;0,496;12;0,671;10;34;No;105;26;Si;308
309;0,478;6;0,355;5;4;Si;309;0,488;12;0,178;8;31;Si;106;24;Si;309
310;0,999;8;0,719;5;4;Si;310;0,473;12;0,483;10;35;No;106;26;Si;310
311;0,776;7;0,017;3;4;Si;311;0,351;12;0,939;10;32;Si;107;26;Si;311
312;0,882;8;0,937;7;4;Si;312;0,864;16;0,847;10;41;No;107;30;Si;312
313;0,639;7;0,28;5;4;Si;313;0,319;12;0,237;8;32;Si;108;24;Si;313
314;0,155;5;0,716;5;4;Si;314;0,983;16;0,358;10;36;No;108;30;Si;314
315;0,683;7;0,006;3;4;Si;315;0,389;12;0,845;10;32;Si;109;26;Si;315
316;0,794;7;0,007;3;4;Si;316;0,499;12;0,075;8;30;Si;110;24;Si;316
317;0,303;6;0,706;5;4;Si;317;0,785;14;0,767;10;35;No;110;28;Si;317
318;0,434;6;0,311;5;4;Si;318;0,942;16;0,382;10;37;No;110;30;Si;318
319;0,704;7;0,925;7;4;Si;319;0,591;12;0,62;10;36;No;110;26;Si;319
320;0,461;6;0,224;5;4;Si;320;0,841;14;0,441;10;35;No;110;28;Si;320
321;0,944;8;0,3;5;4;Si;321;0,965;16;0,274;10;39;No;110;30;Si;321
322;0,425;6;0,251;5;4;Si;322;0,49;12;0,035;8;31;Si;111;24;Si;322
323;0,945;8;0,599;5;4;Si;323;0,955;16;0,87;10;39;No;111;30;Si;323
324;0,024;5;0,39;5;4;Si;324;0,077;10;0,333;10;30;Si;112;24;Si;324
325;0,332;6;0,813;7;4;Si;325;0,79;14;0,182;8;35;No;112;26;Si;325
326;0,983;8;0,286;5;4;Si;326;0,805;14;0,691;10;37;No;112;28;Si;326
327;0,397;6;0,909;7;4;Si;327;0,769;14;0,409;10;37;No;112;28;Si;327
328;0,495;6;0,393;5;4;Si;328;0,023;10;0,6;10;31;Si;113;24;Si;328
329;0,208;5;0,857;7;4;Si;329;0,612;14;0,642;10;36;No;113;28;Si;329
330;0,352;6;0,34;5;4;Si;330;0,006;10;0,033;8;29;Si;114;22;Si;330
331;0,244;5;0,834;7;4;Si;331;0,862;16;0,535;10;38;No;114;30;Si;331
332;0,483;6;0,906;7;4;Si;332;0,606;14;0,639;10;37;No;114;28;Si;332
333;0,509;6;0,341;5;4;Si;333;0,11;10;0,419;10;31;Si;115;24;Si;333
334;0,282;6;0,242;5;4;Si;334;0,401;12;0,332;10;33;No;115;26;Si;334
335;0,981;8;0,37;5;4;Si;335;0,183;10;0,557;10;33;No;115;24;Si;335
336;0,855;8;0,947;7;4;Si;336;0,166;10;0,909;10;35;No;115;24;Si;336
337;0,482;6;0,449;5;4;Si;337;0,86;16;0,286;10;37;No;115;30;Si;337
338;0,219;5;0,395;5;4;Si;338;0,318;12;0,197;8;30;Si;116;24;Si;338
339;0,19;5;0,035;3;4;Si;339;0,681;14;0,894;10;32;Si;117;28;Si;339
340;0,997;8;0,252;5;4;Si;340;0,132;10;0,761;10;33;No;117;24;Si;340
341;0,231;5;0,502;5;4;Si;341;0,684;14;0,85;10;34;No;117;28;Si;341
342;0,962;8;0,233;5;4;Si;342;0,6;14;0,517;10;37;No;117;28;Si;342
343;0,084;5;0,513;5;4;Si;343;0,955;16;0,874;10;36;No;117;30;Si;343
344;0,407;6;0,742;5;4;Si;344;0,841;14;0,392;10;35;No;117;28;Si;344
345;0,283;6;0,661;5;4;Si;345;0,758;14;0,075;8;33;No;117;26;Si;345
346;0,737;7;0,919;7;4;Si;346;0,161;10;0,491;10;34;No;117;24;Si;346
347;0,122;5;0,135;3;4;Si;347;0,989;16;0,787;10;34;No;117;30;Si;347
348;0,041;5;0,875;7;4;Si;348;0,072;10;0,461;10;32;Si;118;24;Si;348
349;0,873;8;0,621;5;4;Si;349;0,746;14;0,057;8;35;No;118;26;Si;349
350;0,636;7;0,486;5;4;Si;350;0,55;12;0,234;8;32;Si;119;24;Si;350
351;0,43;6;0,754;7;4;Si;351;0,507;12;0,909;10;35;No;119;26;Si;351
352;0,937;8;0,976;7;4;Si;352;0,751;14;0,003;8;37;No;119;26;Si;352
353;0,566;6;0,55;5;4;Si;353;0,738;14;0,196;8;33;No;119;26;Si;353
354;0,661;7;0,507;5;4;Si;354;0,336;12;0,057;8;32;Si;120;24;Si;354
355;0,865;8;0,555;5;4;Si;355;0,653;14;0,735;10;37;No;120;28;Si;355
356;0,245;5;0,128;3;4;Si;356;0,812;14;0,945;10;32;Si;121;28;Si;356
357;0,78;7;0,601;5;4;Si;357;0,618;14;0,956;10;36;No;121;28;Si;357
358;0,118;5;0,127;3;4;Si;358;0,398;12;0,596;10;30;Si;122;26;Si;358
359;0,003;5;0,179;3;4;Si;359;0,621;14;0,471;10;32;Si;123;28;Si;359
360;0,015;5;0,247;5;4;Si;360;0,753;14;0,226;8;32;Si;124;26;Si;360
361;0,301;6;0,566;5;4;Si;361;0,607;14;0,348;10;35;No;124;28;Si;361
362;0,561;6;0,357;5;4;Si;362;0,102;10;0,137;8;29;Si;125;22;Si;362
363;0,939;8;0,067;3;4;Si;363;0,453;12;0,227;8;31;Si;126;24;Si;363
364;0,408;6;0,742;5;4;Si;364;0,071;10;0,997;10;31;Si;127;24;Si;364
365;0,189;5;0,968;7;4;Si;365;0,732;14;0,115;8;34;No;127;26;Si;365
366;0,857;8;0,273;5;4;Si;366;0,565;12;0,154;8;33;No;127;24;Si;366
367;0,866;8;0,681;5;4;Si;367;0,291;12;0,355;10;35;No;127;26;Si;367
368;0,478;6;0,09;3;4;Si;368;0,153;10;0,738;10;29;Si;128;24;Si;368
369;0,343;6;0,037;3;4;Si;369;0,318;12;0,294;10;31;Si;129;26;Si;369
370;0,456;6;0,984;7;4;Si;370;0,455;12;0,917;10;35;No;129;26;Si;370
371;0,103;5;0,429;5;4;Si;371;0,193;10;0,159;8;28;Si;130;22;Si;371
372;0,651;7;0,242;5;4;Si;372;0,55;12;0,041;8;32;Si;131;24;Si;372
373;0,499;6;0,142;3;4;Si;373;0,934;16;0,762;10;35;No;131;30;Si;373
374;0,196;5;0,051;3;4;Si;374;0,696;14;0,167;8;30;Si;132;26;Si;374
375;0,372;6;0,491;5;4;Si;375;0,338;12;0,724;10;33;No;132;26;Si;375
376;0,751;7;0,579;5;4;Si;376;0,787;14;0,711;10;36;No;132;28;Si;376
377;0,375;6;0,633;5;4;Si;377;0,327;12;0,787;10;33;No;132;26;Si;377
378;0,777;7;0,487;5;4;Si;378;0,401;12;0,373;10;34;No;132;26;Si;378
379;0,688;7;0,587;5;4;Si;379;0,943;16;0,509;10;38;No;132;30;Si;379
380;0,9;8;0,442;5;4;Si;380;0,558;12;0,753;10;35;No;132;26;Si;380
381;0,409;6;0,302;5;4;Si;381;0,875;16;0,784;10;37;No;132;30;Si;381
382;0,633;7;0,79;7;4;Si;382;0,621;14;0,968;10;38;No;132;28;Si;382
383;0,858;8;0,998;7;4;Si;383;0,369;12;0,998;10;37;No;132;26;Si;383
384;0,266;6;0,832;7;4;Si;384;0,581;12;0,005;8;33;No;132;24;Si;384
385;0,362;6;0,751;7;4;Si;385;0,223;10;0,14;8;31;Si;133;22;Si;385
386;0,76;7;0,689;5;4;Si;386;0,997;16;0,837;10;38;No;133;30;Si;386
387;0,011;5;0,548;5;4;Si;387;0,854;16;0,66;10;36;No;133;30;Si;387
388;0,277;6;0,053;3;4;Si;388;0,474;12;0,673;10;31;Si;134;26;Si;388
389;0,167;5;0,268;5;4;Si;389;0,781;14;0,064;8;32;Si;135;26;Si;389
390;0,708;7;0,69;5;4;Si;390;0,094;10;0,727;10;32;Si;136;24;Si;390
391;0,882;8;0,137;3;4;Si;391;0,068;10;0,473;10;31;Si;137;24;Si;391
392;0,714;7;0,107;3;4;Si;392;0,58;12;0,633;10;32;Si;138;26;Si;392
393;0,078;5;0,618;5;4;Si;393;0,568;12;0,811;10;32;Si;139;26;Si;393
394;0,112;5;0,667;5;4;Si;394;0,937;16;0,454;10;36;No;139;30;Si;394
395;0,896;8;0,159;3;4;Si;395;0,07;10;0,607;10;31;Si;140;24;Si;395
396;0,665;7;0,054;3;4;Si;396;0,059;10;0,645;10;30;Si;141;24;Si;396
397;0,616;7;0,05;3;4;Si;397;0,671;14;0,724;10;34;No;141;28;Si;397
398;0,163;5;0,637;5;4;Si;398;0,968;16;0,044;8;34;No;141;28;Si;398
399;0,42;6;0,695;5;4;Si;399;0,344;12;0,091;8;31;Si;142;24;Si;399
400;0,539;6;0,488;5;4;Si;400;0,673;14;0,347;10;35;No;142;28;Si;400
401;0,641;7;0,932;7;4;Si;401;0,725;14;0,492;10;38;No;142;28;Si;401
402;0,104;5;0,972;7;4;Si;402;0,046;10;0,979;10;32;Si;143;24;Si;402
403;0,604;7;0,185;3;4;Si;403;0,097;10;0,05;8;28;Si;144;22;Si;403
404;0,192;5;0,886;7;4;Si;404;0,434;12;0,884;10;34;No;144;26;Si;404
405;0,315;6;0,569;5;4;Si;405;0,526;12;0,006;8;31;Si;145;24;Si;405
406;0,997;8;0,063;3;4;Si;406;0,598;12;0,006;8;31;Si;146;24;Si;406
407;0,211;5;0,841;7;4;Si;407;0,337;12;0,539;10;34;No;146;26;Si;407
408;0,918;8;0,191;3;4;Si;408;0,313;12;0,376;10;33;No;146;26;Si;408
409;0,787;7;0,129;3;4;Si;409;0,019;10;0,155;8;28;Si;147;22;Si;409
410;0,662;7;0,227;5;4;Si;410;0,46;12;0,257;10;34;No;147;26;Si;410
411;0,124;5;0,927;7;4;Si;411;0,456;12;0,837;10;34;No;147;26;Si;411
412;0,332;6;0,198;3;4;Si;412;0,37;12;0,519;10;31;Si;148;26;Si;412
413;0,927;8;0,615;5;4;Si;413;0,061;10;0,482;10;33;No;148;24;Si;413
414;0,228;5;0,175;3;4;Si;414;0,737;14;0,232;8;30;Si;149;26;Si;414
415;0,217;5;0,963;7;4;Si;415;0,444;12;0,522;10;34;No;149;26;Si;415
416;0,381;6;0,512;5;4;Si;416;0,889;16;0,041;8;35;No;149;28;Si;416
417;0,78;7;0,979;7;4;Si;417;0,166;10;0,075;8;32;Si;150;22;Si;417
418;0,557;6;0,754;7;4;Si;418;0,793;14;0,714;10;37;No;150;28;Si;418
419;0,793;7;0,776;7;4;Si;419;0,97;16;0,615;10;40;No;150;30;Si;419
420;0,81;7;0,627;5;4;Si;420;0,263;12;0,162;8;32;Si;151;24;Si;420
421;0,491;6;0,755;7;4;Si;421;0,616;14;0,97;10;37;No;151;28;Si;421
422;0,489;6;0,127;3;4;Si;422;0,389;12;0,909;10;31;Si;152;26;Si;422
423;0,977;8;0,706;5;4;Si;423;0,487;12;0,482;10;35;No;152;26;Si;423
424;0,924;8;0,834;7;4;Si;424;0,439;12;0,834;10;37;No;152;26;Si;424
425;0,614;7;0,682;5;4;Si;425;0,063;10;0,637;10;32;Si;153;24;Si;425
426;0,898;8;0,84;7;4;Si;426;0,958;16;0,717;10;41;No;153;30;Si;426
427;0,908;8;0,414;5;4;Si;427;0,77;14;0,784;10;37;No;153;28;Si;427
428;0,303;6;0,876;7;4;Si;428;0,566;12;0,48;10;35;No;153;26;Si;428
429;0,14;5;0,788;7;4;Si;429;0,274;12;0,993;10;34;No;153;26;Si;429
430;0,018;5;0,224;5;4;Si;430;0,109;10;0,674;10;30;Si;154;24;Si;430
431;0,577;6;0,683;5;4;Si;431;0,87;16;0,329;10;37;No;154;30;Si;431
432;0,064;5;0,563;5;4;Si;432;0,377;12;0,585;10;32;Si;155;26;Si;432
433;0,805;7;0,987;7;4;Si;433;0,812;14;0,804;10;38;No;155;28;Si;433
434;0,07;5;0,669;5;4;Si;434;0,951;16;0,431;10;36;No;155;30;Si;434
435;0,43;6;0,37;5;4;Si;435;0,409;12;0,344;10;33;No;155;26;Si;435
436;0,09;5;0,471;5;4;Si;436;0,158;10;0,087;8;28;Si;156;22;Si;436
437;0,336;6;0,858;7;4;Si;437;0,459;12;0,127;8;33;No;156;24;Si;437
438;0,63;7;0,027;3;4;Si;438;0,148;10;0,981;10;30;Si;157;24;Si;438
439;0,527;6;0,819;7;4;Si;439;0,467;12;0,099;8;33;No;157;24;Si;439
440;0,383;6;0,218;5;4;Si;440;0,128;10;0,356;10;31;Si;158;24;Si;440
441;0,215;5;0,697;5;4;Si;441;0,736;14;0,359;10;34;No;158;28;Si;441
442;0,82;7;0,465;5;4;Si;442;0,703;14;0,972;10;36;No;158;28;Si;442
443;0,321;6;0,679;5;4;Si;443;0,055;10;0,52;10;31;Si;159;24;Si;443
444;0,584;6;0,074;3;4;Si;444;0,022;10;0,099;8;27;Si;160;22;Si;444
445;0,879;8;0,391;5;4;Si;445;0,247;10;0,872;10;33;No;160;24;Si;445
446;0,861;8;0,879;7;4;Si;446;0,614;14;0,935;10;39;No;160;28;Si;446
447;0,733;7;0,344;5;4;Si;447;0,282;12;0,354;10;34;No;160;26;Si;447
448;0,798;7;0,667;5;4;Si;448;0,306;12;0,928;10;34;No;160;26;Si;448
449;0,108;5;0,165;3;4;Si;449;0,485;12;0,283;10;30;Si;161;26;Si;449
450;0,861;8;0,195;3;4;Si;450;0,756;14;0,347;10;35;No;161;28;Si;450
451;0,818;7;0,502;5;4;Si;451;0,768;14;0,664;10;36;No;161;28;Si;451
452;0,639;7;0,132;3;4;Si;452;0,307;12;0,745;10;32;Si;162;26;Si;452
453;0,481;6;0,276;5;4;Si;453;0,521;12;0,177;8;31;Si;163;24;Si;453
454;0,134;5;0,193;3;4;Si;454;0,786;14;0,197;8;30;Si;164;26;Si;454
455;0,608;7;0,386;5;4;Si;455;0,751;14;0,81;10;36;No;164;28;Si;455
456;0,767;7;0,876;7;4;Si;456;0,433;12;0,983;10;36;No;164;26;Si;456
457;0,236;5;0,489;5;4;Si;457;0,775;14;0,321;10;34;No;164;28;Si;457
458;0,594;6;0,456;5;4;Si;458;0,872;16;0,649;10;37;No;164;30;Si;458
459;0,233;5;0,159;3;4;Si;459;0,719;14;0,803;10;32;Si;165;28;Si;459
460;0,292;6;0,292;5;4;Si;460;0,944;16;0,688;10;37;No;165;30;Si;460
461;0,476;6;0,096;3;4;Si;461;0,071;10;0,12;8;27;Si;166;22;Si;461
462;0,368;6;0,281;5;4;Si;462;0,976;16;0,821;10;37;No;166;30;Si;462
463;0,997;8;0,451;5;4;Si;463;0,845;14;0,391;10;37;No;166;28;Si;463
464;0,752;7;0,964;7;4;Si;464;0,446;12;0,421;10;36;No;166;26;Si;464
465;0,027;5;0,82;7;4;Si;465;0,69;14;0,427;10;36;No;166;28;Si;465
466;0,584;6;0,037;3;4;Si;466;0,83;14;0,356;10;33;No;166;28;Si;466
467;0,266;6;0,381;5;4;Si;467;0,211;10;0,256;10;31;Si;167;24;Si;467
468;0,877;8;0,735;5;4;Si;468;0,137;10;0,486;10;33;No;167;24;Si;468
469;0,303;6;0,871;7;4;Si;469;0,137;10;0,429;10;33;No;167;24;Si;469
470;0,935;8;0,476;5;4;Si;470;0,245;10;0,121;8;31;Si;168;22;Si;470
471;0,005;5;0,175;3;4;Si;471;0,593;12;0,109;8;28;Si;169;24;Si;471
472;0,595;6;0,213;5;4;Si;472;0,284;12;0,307;10;33;No;169;26;Si;472
473;0,448;6;0,946;7;4;Si;473;0,205;10;0,317;10;33;No;169;24;Si;473
474;0,251;6;0,565;5;4;Si;474;0,081;10;0,819;10;31;Si;170;24;Si;474
475;0,886;8;0,568;5;4;Si;475;0,525;12;0,112;8;33;No;170;24;Si;475
476;0,02;5;0,355;5;4;Si;476;0,44;12;0,507;10;32;Si;171;26;Si;476
477;0,483;6;0,973;7;4;Si;477;0,985;16;0,728;10;39;No;171;30;Si;477
478;0,075;5;0,766;7;4;Si;478;0,702;14;0,372;10;36;No;171;28;Si;478
479;0,855;8;0,798;7;4;Si;479;0,197;10;0,819;10;35;No;171;24;Si;479
480;0,927;8;0,522;5;4;Si;480;0,793;14;0,825;10;37;No;171;28;Si;480
481;0,256;6;0,214;5;4;Si;481;0,241;10;0,136;8;29;Si;172;22;Si;481
482;0,328;6;0,416;5;4;Si;482;0,635;14;0,09;8;33;No;172;26;Si;482
483;0,233;5;0,286;5;4;Si;483;0,298;12;0,281;10;32;Si;173;26;Si;483
484;0,242;5;0,386;5;4;Si;484;0,705;14;0,497;10;34;No;173;28;Si;484
485;0,151;5;0,855;7;4;Si;485;0,438;12;0,648;10;34;No;173;26;Si;485
486;0,688;7;0,593;5;4;Si;486;0,371;12;0,592;10;34;No;173;26;Si;486
487;0,846;7;0,916;7;4;Si;487;0,493;12;0,434;10;36;No;173;26;Si;487
488;0,076;5;0,959;7;4;Si;488;0,623;14;0,324;10;36;No;173;28;Si;488
489;0,952;8;0,476;5;4;Si;489;0,678;14;0,726;10;37;No;173;28;Si;489
490;0,596;6;0,808;7;4;Si;490;0,37;12;0,457;10;35;No;173;26;Si;490
491;0,022;5;0,984;7;4;Si;491;0,123;10;0,352;10;32;Si;174;24;Si;491
492;0,607;7;0,553;5;4;Si;492;0,24;10;0,514;10;32;Si;175;24;Si;492
493;0,089;5;0,274;5;4;Si;493;0,677;14;0,607;10;34;No;175;28;Si;493
494;0,424;6;0,99;7;4;Si;494;0,654;14;0,232;8;35;No;175;26;Si;494
495;0,221;5;0,454;5;4;Si;495;0,027;10;0,453;10;30;Si;176;24;Si;495
496;0,169;5;0,186;3;4;Si;496;0,268;12;0,658;10;30;Si;177;26;Si;496
497;0,06;5;0,365;5;4;Si;497;0,354;12;0,359;10;32;Si;178;26;Si;497
498;0,177;5;0,241;5;4;Si;498;0,166;10;0,75;10;30;Si;179;24;Si;498
499;0,612;7;0,289;5;4;Si;499;0,857;16;0,244;8;36;No;179;28;Si;499
500;0,474;6;0,751;7;4;Si;500;0,377;12;0,711;10;35;No;179;26;Si;500
501;0,953;8;0,021;3;4;Si;501;0,575;12;0,909;10;33;No;179;26;Si;501
502;0,54;6;0,652;5;4;Si;502;0,574;12;0,671;10;33;No;179;26;Si;502
503;0,24;5;0,749;5;4;Si;503;0,836;14;0,432;10;34;No;179;28;Si;503
504;0,489;6;0,448;5;4;Si;504;0,597;12;0,716;10;33;No;179;26;Si;504
505;0,58;6;0,487;5;4;Si;505;0,538;12;0,343;10;33;No;179;26;Si;505
506;0,125;5;0,925;7;4;Si;506;0,17;10;0,17;8;30;Si;180;22;Si;506
507;0,919;8;0,893;7;4;Si;507;0,551;12;0,902;10;37;No;180;26;Si;507
508;0,015;5;0,678;5;4;Si;508;0,643;14;0,839;10;34;No;180;28;Si;508
509;0,541;6;0,655;5;4;Si;509;0,315;12;0,037;8;31;Si;181;24;Si;509
510;0,799;7;0,437;5;4;Si;510;0,433;12;0,032;8;32;Si;182;24;Si;510
511;0,239;5;0,314;5;4;Si;511;0,092;10;0,65;10;30;Si;183;24;Si;511
512;0,745;7;0,619;5;4;Si;512;0,229;10;0,103;8;30;Si;184;22;Si;512
513;0,708;7;0,069;3;4;Si;513;0,62;14;0,568;10;34;No;184;28;Si;513
514;0,92;8;0,581;5;4;Si;514;0,839;14;0,942;10;37;No;184;28;Si;514
515;0,389;6;0,63;5;4;Si;515;0,462;12;0,685;10;33;No;184;26;Si;515
516;0,796;7;0,024;3;4;Si;516;0,761;14;0,91;10;34;No;184;28;Si;516
517;0,9;8;0,758;7;4;Si;517;0,893;16;0,524;10;41;No;184;30;Si;517
518;0,734;7;0,736;5;4;Si;518;0,707;14;0,997;10;36;No;184;28;Si;518
519;0,998;8;0,915;7;4;Si;519;0,442;12;0,529;10;37;No;184;26;Si;519
520;0,337;6;0,487;5;4;Si;520;0,677;14;0,229;8;33;No;184;26;Si;520
521;0,156;5;0,679;5;4;Si;521;0,204;10;0,041;8;28;Si;185;22;Si;521
522;0,928;8;0,419;5;4;Si;522;0,212;10;0,878;10;33;No;185;24;Si;522
523;0,91;8;0,543;5;4;Si;523;0,632;14;0,366;10;37;No;185;28;Si;523
524;0,521;6;0,55;5;4;Si;524;0,006;10;0,489;10;31;Si;186;24;Si;524
525;0,745;7;0,882;7;4;Si;525;0,295;12;0,375;10;36;No;186;26;Si;525
526;0,103;5;0,43;5;4;Si;526;0,988;16;0,885;10;36;No;186;30;Si;526
527;0,803;7;0,978;7;4;Si;527;0,444;12;0,605;10;36;No;186;26;Si;527
528;0,268;6;0,119;3;4;Si;528;0,464;12;0,464;10;31;Si;187;26;Si;528
529;0,551;6;0,242;5;4;Si;529;0,008;10;0,604;10;31;Si;188;24;Si;529
530;0,715;7;0,881;7;4;Si;530;0,373;12;0,627;10;36;No;188;26;Si;530
531;0,365;6;0,377;5;4;Si;531;0,005;10;0,749;10;31;Si;189;24;Si;531
532;0,992;8;0,694;5;4;Si;532;0,32;12;0,653;10;35;No;189;26;Si;532
533;0,602;7;0,183;3;4;Si;533;0,598;12;0,676;10;32;Si;190;26;Si;533
534;0,351;6;0,151;3;4;Si;534;0,347;12;0,834;10;31;Si;191;26;Si;534
535;0,442;6;0,91;7;4;Si;535;0,328;12;0,777;10;35;No;191;26;Si;535
536;0,794;7;0,959;7;4;Si;536;0,711;14;0,637;10;38;No;191;28;Si;536
537;0,55;6;0,699;5;4;Si;537;0,091;10;0,66;10;31;Si;192;24;Si;537
538;0,37;6;0,435;5;4;Si;538;0,406;12;0,21;8;31;Si;193;24;Si;538
539;0,84;7;0,51;5;4;Si;539;0,751;14;0,91;10;36;No;193;28;Si;539
540;0,132;5;0,703;5;4;Si;540;0,082;10;0,696;10;30;Si;194;24;Si;540
541;0,224;5;0,637;5;4;Si;541;0,987;16;0,518;10;36;No;194;30;Si;541
542;0,702;7;0,483;5;4;Si;542;0,308;12;0,085;8;32;Si;195;24;Si;542
543;0,806;7;0,26;5;4;Si;543;0,716;14;0,193;8;34;No;195;26;Si;543
544;0,333;6;0,319;5;4;Si;544;0,784;14;0,719;10;35;No;195;28;Si;544
545;0,811;7;0,979;7;4;Si;545;0,236;10;0,87;10;34;No;195;24;Si;545
546;0,356;6;0,871;7;4;Si;546;0,557;12;0,005;8;33;No;195;24;Si;546
547;0,94;8;0,138;3;4;Si;547;0,871;16;0,522;10;37;No;195;30;Si;547
548;0,08;5;0,689;5;4;Si;548;0,202;10;0,953;10;30;Si;196;24;Si;548
549;0,601;7;0,302;5;4;Si;549;0,436;12;0,443;10;34;No;196;26;Si;549
550;0,507;6;0,736;5;4;Si;550;0,959;16;0,637;10;37;No;196;30;Si;550
551;0,035;5;0,099;3;4;Si;551;0,063;10;0,571;10;28;Si;197;24;Si;551
552;0,11;5;0,557;5;4;Si;552;0,507;12;0,087;8;30;Si;198;24;Si;552
553;0,451;6;0,001;3;4;Si;553;0,552;12;0,5;10;31;Si;199;26;Si;553
554;0,356;6;0,468;5;4;Si;554;0,759;14;0,542;10;35;No;199;28;Si;554
555;0,94;8;0,444;5;4;Si;555;0,701;14;0,335;10;37;No;199;28;Si;555
556;0,515;6;0,176;3;4;Si;556;0,86;16;0,548;10;35;No;199;30;Si;556
557;0,042;5;0,524;5;4;Si;557;0,143;10;0,863;10;30;Si;200;24;Si;557
558;0,395;6;0,503;5;4;Si;558;0,785;14;0,916;10;35;No;200;28;Si;558
559;0,634;7;0,569;5;4;Si;559;0,292;12;0,94;10;34;No;200;26;Si;559
560;0,082;5;0,792;7;4;Si;560;0,566;12;0,15;8;32;Si;201;24;Si;560
561;0,492;6;0,497;5;4;Si;561;0,633;14;0,096;8;33;No;201;26;Si;561
562;0,105;5;0,135;3;4;Si;562;0,596;12;0,445;10;30;Si;202;26;Si;562
563;0,122;5;0,962;7;4;Si;563;0,424;12;0,622;10;34;No;202;26;Si;563
564;0,473;6;0,604;5;4;Si;564;0,265;12;0,61;10;33;No;202;26;Si;564
565;0,449;6;0,856;7;4;Si;565;0,892;16;0,361;10;39;No;202;30;Si;565
566;0,281;6;0,618;5;4;Si;566;0,253;12;0,362;10;33;No;202;26;Si;566
567;0,809;7;0,355;5;4;Si;567;0,539;12;0,995;10;34;No;202;26;Si;567
568;0,443;6;0,728;5;4;Si;568;0,982;16;0,352;10;37;No;202;30;Si;568
569;0,471;6;0,917;7;4;Si;569;0,633;14;0,678;10;37;No;202;28;Si;569
570;0,464;6;0,076;3;4;Si;570;0,765;14;0,212;8;31;Si;203;26;Si;570
571;0,975;8;0,927;7;4;Si;571;0,798;14;0,296;10;39;No;203;28;Si;571
572;0,19;5;0,901;7;4;Si;572;0,07;10;0,064;8;30;Si;204;22;Si;572
573;0,723;7;0,089;3;4;Si;573;0,045;10;0,221;8;28;Si;205;22;Si;573
574;0,628;7;0,879;7;4;Si;574;0,016;10;0,76;10;34;No;205;24;Si;574
575;0,6;7;0,025;3;4;Si;575;0,48;12;0,227;8;30;Si;206;24;Si;575
576;0,129;5;0,268;5;4;Si;576;0,294;12;0,083;8;30;Si;207;24;Si;576
577;0,855;8;0,59;5;4;Si;577;0,183;10;0,482;10;33;No;207;24;Si;577
578;0,43;6;0,477;5;4;Si;578;0,388;12;0,346;10;33;No;207;26;Si;578
579;0,183;5;0,156;3;4;Si;579;0,079;10;0,581;10;28;Si;208;24;Si;579
580;0,922;8;0,167;3;4;Si;580;0,345;12;0,48;10;33;No;208;26;Si;580
581;0,079;5;0,661;5;4;Si;581;0,967;16;0,562;10;36;No;208;30;Si;581
582;0,218;5;0,05;3;4;Si;582;0,261;12;0,593;10;30;Si;209;26;Si;582
583;0,101;5;0,719;5;4;Si;583;0,832;14;0,727;10;34;No;209;28;Si;583
584;0,646;7;0,236;5;4;Si;584;0,601;14;0,936;10;36;No;209;28;Si;584
585;0,874;8;0,328;5;4;Si;585;0,587;12;0,733;10;35;No;209;26;Si;585
586;0,108;5;0,116;3;4;Si;586;0,225;10;0,084;8;26;Si;210;22;Si;586
587;0,853;8;0,396;5;4;Si;587;0,344;12;0,547;10;35;No;210;26;Si;587
588;0,767;7;0,181;3;4;Si;588;0,859;16;0,935;10;36;No;210;30;Si;588
589;0,604;7;0,57;5;4;Si;589;0,832;14;0,369;10;36;No;210;28;Si;589
590;0,393;6;0,73;5;4;Si;590;0,717;14;0,967;10;35;No;210;28;Si;590
591;0,61;7;0,455;5;4;Si;591;0,865;16;0,833;10;38;No;210;30;Si;591
592;0,882;8;0,481;5;4;Si;592;0,777;14;0,301;10;37;No;210;28;Si;592
593;0,292;6;0,38;5;4;Si;593;0,938;16;0,351;10;37;No;210;30;Si;593
594;0,173;5;0,96;7;4;Si;594;0,544;12;0,338;10;34;No;210;26;Si;594
595;0,727;7;0,904;7;4;Si;595;0,637;14;0,977;10;38;No;210;28;Si;595
596;0,208;5;0,174;3;4;Si;596;0,516;12;0,318;10;30;Si;211;26;Si;596
597;0,484;6;0,688;5;4;Si;597;0,009;10;0,145;8;29;Si;212;22;Si;597
598;0,539;6;0,013;3;4;Si;598;0,001;10;0,13;8;27;Si;213;22;Si;598
599;0,138;5;0,415;5;4;Si;599;0,457;12;0,321;10;32;Si;214;26;Si;599
600;0,953;8;0,674;5;4;Si;600;0,436;12;0,056;8;33;No;214;24;Si;600
601;0,512;6;0,226;5;4;Si;601;0,461;12;0,206;8;31;Si;215;24;Si;601
602;0,181;5;0,521;5;4;Si;602;0,242;10;0,246;8;28;Si;216;22;Si;602
603;0,422;6;0,387;5;4;Si;603;0,197;10;0,746;10;31;Si;217;24;Si;603
604;0,844;7;0,915;7;4;Si;604;0,377;12;0,519;10;36;No;217;26;Si;604
605;0,573;6;0,486;5;4;Si;605;0,74;14;0,539;10;35;No;217;28;Si;605
606;0,9;8;0,776;7;4;Si;606;0,397;12;0,035;8;35;No;217;24;Si;606
607;0,29;6;0,532;5;4;Si;607;0,473;12;0,973;10;33;No;217;26;Si;607
608;0,312;6;0,314;5;4;Si;608;0,947;16;0,723;10;37;No;217;30;Si;608
609;0,272;6;0,69;5;4;Si;609;0,108;10;0,605;10;31;Si;218;24;Si;609
610;0,548;6;0,859;7;4;Si;610;0,97;16;0,637;10;39;No;218;30;Si;610
611;0,611;7;0,561;5;4;Si;611;0,645;14;0,248;8;34;No;218;26;Si;611
612;0,177;5;0,094;3;4;Si;612;0,112;10;0,069;8;26;Si;219;22;Si;612
613;0,642;7;0,944;7;4;Si;613;0,995;16;0,055;8;38;No;219;28;Si;613
614;0,415;6;0,158;3;4;Si;614;0,698;14;0,023;8;31;Si;220;26;Si;614
615;0,752;7;0,295;5;4;Si;615;0,78;14;0,48;10;36;No;220;28;Si;615
616;0,089;5;0,785;7;4;Si;616;0,058;10;0,645;10;32;Si;221;24;Si;616
617;0,298;6;0,597;5;4;Si;617;0,124;10;0,752;10;31;Si;222;24;Si;617
618;0,83;7;0,958;7;4;Si;618;0,014;10;0,912;10;34;No;222;24;Si;618
619;0,544;6;0,236;5;4;Si;619;0,119;10;0,151;8;29;Si;223;22;Si;619
620;0,362;6;0,138;3;4;Si;620;0,027;10;0,98;10;29;Si;224;24;Si;620
621;0,045;5;0,339;5;4;Si;621;0,176;10;0,758;10;30;Si;225;24;Si;621
622;0,871;8;0,608;5;4;Si;622;0,431;12;0,259;10;35;No;225;26;Si;622
623;0,301;6;0,962;7;4;Si;623;0,818;14;0,808;10;37;No;225;28;Si;623
624;0,94;8;0,389;5;4;Si;624;0,569;12;0,207;8;33;No;225;24;Si;624
625;0,164;5;0,784;7;4;Si;625;0,458;12;0,338;10;34;No;225;26;Si;625
626;0,131;5;0,368;5;4;Si;626;0,108;10;0,6;10;30;Si;226;24;Si;626
627;0,843;7;0,342;5;4;Si;627;0,87;16;0,397;10;38;No;226;30;Si;627
628;0,842;7;0,422;5;4;Si;628;0,424;12;0,907;10;34;No;226;26;Si;628
629;0,833;7;0,123;3;4;Si;629;0,141;10;0,63;10;30;Si;227;24;Si;629
630;0,153;5;0,17;3;4;Si;630;0,812;14;0,851;10;32;Si;228;28;Si;630
631;0,408;6;0,112;3;4;Si;631;0,685;14;0,103;8;31;Si;229;26;Si;631
632;0,508;6;0,787;7;4;Si;632;0,442;12;0,92;10;35;No;229;26;Si;632
633;0,998;8;0,298;5;4;Si;633;0,802;14;0,253;10;37;No;229;28;Si;633
634;0,672;7;0,183;3;4;Si;634;0,237;10;0,843;10;30;Si;230;24;Si;634
635;0,547;6;0,594;5;4;Si;635;0,013;10;0,095;8;29;Si;231;22;Si;635
636;0,777;7;0,639;5;4;Si;636;0,329;12;0,839;10;34;No;231;26;Si;636
637;0,968;8;0,386;5;4;Si;637;0,287;12;0,117;8;33;No;231;24;Si;637
638;0,985;8;0,024;3;4;Si;638;0,686;14;0,564;10;35;No;231;28;Si;638
639;0,246;5;0,489;5;4;Si;639;0,527;12;0,309;10;32;Si;232;26;Si;639
640;0,847;7;0,682;5;4;Si;640;0,321;12;0,108;8;32;Si;233;24;Si;640
641;0,698;7;0,152;3;4;Si;641;0,704;14;0,755;10;34;No;233;28;Si;641
642;0,424;6;0,92;7;4;Si;642;0,687;14;0,56;10;37;No;233;28;Si;642
643;0,612;7;0,253;5;4;Si;643;0,602;14;0,237;8;34;No;233;26;Si;643
644;0,143;5;0,467;5;4;Si;644;0,742;14;0,42;10;34;No;233;28;Si;644
645;0,958;8;0,013;3;4;Si;645;0,693;14;0,775;10;35;No;233;28;Si;645
646;0,914;8;0,202;5;4;Si;646;0,517;12;0,034;8;33;No;233;24;Si;646
647;0,397;6;0,262;5;4;Si;647;0,073;10;0,159;8;29;Si;234;22;Si;647
648;0,523;6;0,788;7;4;Si;648;0,441;12;0,247;8;33;No;234;24;Si;648
649;0,14;5;0,45;5;4;Si;649;0,648;14;0,858;10;34;No;234;28;Si;649
650;0,853;8;0,057;3;4;Si;650;0,786;14;0,722;10;35;No;234;28;Si;650
651;0,325;6;0,72;5;4;Si;651;0,919;16;0,842;10;37;No;234;30;Si;651
652;0,063;5;0,13;3;4;Si;652;0,034;10;0,321;10;28;Si;235;24;Si;652
653;0,087;5;0,826;7;4;Si;653;0,806;14;0,644;10;36;No;235;28;Si;653
654;0,263;6;0,977;7;4;Si;654;0,629;14;0,793;10;37;No;235;28;Si;654
655;0,789;7;0,826;7;4;Si;655;0,458;12;0,581;10;36;No;235;26;Si;655
656;0,035;5;0,65;5;4;Si;656;0,697;14;0,409;10;34;No;235;28;Si;656
657;0,67;7;0,793;7;4;Si;657;0,393;12;0,032;8;34;No;235;24;Si;657
658;0,126;5;0,937;7;4;Si;658;0,604;14;0,172;8;34;No;235;26;Si;658
659;0,179;5;0,38;5;4;Si;659;0,481;12;0,483;10;32;Si;236;26;Si;659
660;0,515;6;0,624;5;4;Si;660;0,081;10;0,438;10;31;Si;237;24;Si;660
661;0,075;5;0,75;7;4;Si;661;0,462;12;0,872;10;34;No;237;26;Si;661
662;0,666;7;0,966;7;4;Si;662;0,563;12;0,49;10;36;No;237;26;Si;662
663;0,232;5;0,045;3;4;Si;663;0,835;14;0,383;10;32;Si;238;28;Si;663
664;0,692;7;0,517;5;4;Si;664;0,328;12;0,09;8;32;Si;239;24;Si;664
665;0,463;6;0,253;5;4;Si;665;0,652;14;0,478;10;35;No;239;28;Si;665
666;0,555;6;0,186;3;4;Si;666;0,997;16;0,722;10;35;No;239;30;Si;666
667;0,41;6;0,88;7;4;Si;667;0,782;14;0,732;10;37;No;239;28;Si;667
668;0,112;5;0,147;3;4;Si;668;0,623;14;0,725;10;32;Si;240;28;Si;668
669;0,624;7;0,248;5;4;Si;669;0,201;10;0,61;10;32;Si;241;24;Si;669
670;0,187;5;0,494;5;4;Si;670;0,418;12;0,937;10;32;Si;242;26;Si;670
671;0,954;8;0,803;7;4;Si;671;0,28;12;0,957;10;37;No;242;26;Si;671
672;0,379;6;0,347;5;4;Si;672;0,926;16;0,027;8;35;No;242;28;Si;672
673;0,96;8;0,027;3;4;Si;673;0,536;12;0,723;10;33;No;242;26;Si;673
674;0,422;6;0,945;7;4;Si;674;0,141;10;0,926;10;33;No;242;24;Si;674
675;0,862;8;0,406;5;4;Si;675;0,029;10;0,326;10;33;No;242;24;Si;675
676;0,729;7;0,786;7;4;Si;676;0,366;12;0,595;10;36;No;242;26;Si;676
677;0,299;6;0,251;5;4;Si;677;0,246;10;0,104;8;29;Si;243;22;Si;677
678;0,581;6;0,588;5;4;Si;678;0,993;16;0,981;10;37;No;243;30;Si;678
679;0,478;6;0,865;7;4;Si;679;0,665;14;0,498;10;37;No;243;28;Si;679
680;0,532;6;0,923;7;4;Si;680;0,637;14;0,972;10;37;No;243;28;Si;680
681;0,742;7;0,22;5;4;Si;681;0,079;10;0,076;8;30;Si;244;22;Si;681
682;0,771;7;0,068;3;4;Si;682;0,232;10;0,424;10;30;Si;245;24;Si;682
683;0,349;6;0,422;5;4;Si;683;0,306;12;0,068;8;31;Si;246;24;Si;683
684;0,215;5;0,894;7;4;Si;684;0,349;12;0,271;10;34;No;246;26;Si;684
685;0,859;8;0,033;3;4;Si;685;0,003;10;0,543;10;31;Si;247;24;Si;685
686;0,921;8;0,418;5;4;Si;686;0,6;14;0,499;10;37;No;247;28;Si;686
687;0,428;6;0,75;7;4;Si;687;0,477;12;0,522;10;35;No;247;26;Si;687
688;0,511;6;0,168;3;4;Si;688;0,693;14;0,904;10;33;No;247;28;Si;688
689;0,605;7;0,58;5;4;Si;689;0,628;14;0,014;8;34;No;247;26;Si;689
690;0,857;8;0,348;5;4;Si;690;0,476;12;0,004;8;33;No;247;24;Si;690
691;0,586;6;0,209;5;4;Si;691;0,232;10;0,732;10;31;Si;248;24;Si;691
692;0,21;5;0,934;7;4;Si;692;0,535;12;0,968;10;34;No;248;26;Si;692
693;0,008;5;0,958;7;4;Si;693;0,109;10;0,282;10;32;Si;249;24;Si;693
694;0,547;6;0,69;5;4;Si;694;0,231;10;0,243;8;29;Si;250;22;Si;694
695;0,436;6;0,68;5;4;Si;695;0,125;10;0,769;10;31;Si;251;24;Si;695
696;0,856;8;0,85;7;4;Si;696;0,112;10;0,169;8;33;No;251;22;Si;696
697;0,578;6;0,535;5;4;Si;697;0,544;12;0,732;10;33;No;251;26;Si;697
698;0,01;5;0,158;3;4;Si;698;0,092;10;0,827;10;28;Si;252;24;Si;698
699;0,136;5;0,826;7;4;Si;699;0,338;12;0,687;10;34;No;252;26;Si;699
700;0,991;8;0,692;5;4;Si;700;0,734;14;0,143;8;35;No;252;26;Si;700
701;0,249;5;0,918;7;4;Si;701;0,243;10;0,157;8;30;Si;253;22;Si;701
702;0,862;8;0,001;3;4;Si;702;0,02;10;0,643;10;31;Si;254;24;Si;702
703;0,09;5;0,202;5;4;Si;703;0,572;12;0,447;10;32;Si;255;26;Si;703
704;0,793;7;0,857;7;4;Si;704;0,338;12;0,899;10;36;No;255;26;Si;704
705;0,111;5;0,668;5;4;Si;705;0,908;16;0,153;8;34;No;255;28;Si;705
706;0,502;6;0,941;7;4;Si;706;0,495;12;0,24;8;33;No;255;24;Si;706
707;0,798;7;0,025;3;4;Si;707;0,827;14;0,803;10;34;No;255;28;Si;707
708;0,199;5;0,351;5;4;Si;708;0,676;14;0,452;10;34;No;255;28;Si;708
709;0,452;6;0,812;7;4;Si;709;0,256;12;0,208;8;33;No;255;24;Si;709
710;0,484;6;0,149;3;4;Si;710;0,046;10;0,775;10;29;Si;256;24;Si;710
711;0,562;6;0,213;5;4;Si;711;0,833;14;0,127;8;33;No;256;26;Si;711
712;0,196;5;0,513;5;4;Si;712;0,902;16;0,842;10;36;No;256;30;Si;712
713;0,938;8;0,252;5;4;Si;713;0,052;10;0,016;8;31;Si;257;22;Si;713
714;0,819;7;0,728;5;4;Si;714;0,695;14;0,795;10;36;No;257;28;Si;714
715;0,157;5;0,126;3;4;Si;715;0,79;14;0,885;10;32;Si;258;28;Si;715
716;0,99;8;0,626;5;4;Si;716;0,445;12;0,766;10;35;No;258;26;Si;716
717;0,387;6;0,191;3;4;Si;717;0,826;14;0,533;10;33;No;258;28;Si;717
718;0,823;7;0,406;5;4;Si;718;0,468;12;0,317;10;34;No;258;26;Si;718
719;0,419;6;0,241;5;4;Si;719;0,825;14;0,61;10;35;No;258;28;Si;719
720;0,934;8;0,834;7;4;Si;720;0,525;12;0,139;8;35;No;258;24;Si;720
721;0,142;5;0,448;5;4;Si;721;0,272;12;0,195;8;30;Si;259;24;Si;721
722;0,464;6;0,851;7;4;Si;722;0,31;12;0,8;10;35;No;259;26;Si;722
723;0,146;5;0,644;5;4;Si;723;0,395;12;0,347;10;32;Si;260;26;Si;723
724;0,875;8;0,18;3;4;Si;724;0,204;10;0,537;10;31;Si;261;24;Si;724
725;0,161;5;0,458;5;4;Si;725;0,037;10;0,901;10;30;Si;262;24;Si;725
726;0,14;5;0,925;7;4;Si;726;0,964;16;0,417;10;38;No;262;30;Si;726
727;0,972;8;0,56;5;4;Si;727;0,188;10;0,453;10;33;No;262;24;Si;727
728;0,814;7;0,981;7;4;Si;728;0,292;12;0,167;8;34;No;262;24;Si;728
729;0,051;5;0,6;5;4;Si;729;0,218;10;0,206;8;28;Si;263;22;Si;729
730;0,397;6;0,799;7;4;Si;730;0,22;10;0,97;10;33;No;263;24;Si;730
731;0,352;6;0,09;3;4;Si;731;0,321;12;0,417;10;31;Si;264;26;Si;731
732;0,742;7;0,485;5;4;Si;732;0,776;14;0,273;10;36;No;264;28;Si;732
733;0,896;8;0,355;5;4;Si;733;0,197;10;0,639;10;33;No;264;24;Si;733
734;0,773;7;0,499;5;4;Si;734;0,998;16;0,023;8;36;No;264;28;Si;734
735;0,678;7;0,145;3;4;Si;735;0,756;14;0,724;10;34;No;264;28;Si;735
736;0,656;7;0,29;5;4;Si;736;0,532;12;0,949;10;34;No;264;26;Si;736
737;0,335;6;0,562;5;4;Si;737;0,899;16;0,907;10;37;No;264;30;Si;737
738;0,306;6;0,576;5;4;Si;738;0,9;16;0,404;10;37;No;264;30;Si;738
739;0,98;8;0,455;5;4;Si;739;0,8;14;0,371;10;37;No;264;28;Si;739
740;0,618;7;0,522;5;4;Si;740;0,709;14;0,35;10;36;No;264;28;Si;740
741;0,036;5;0,263;5;4;Si;741;0,469;12;0,572;10;32;Si;265;26;Si;741
742;0,62;7;0,358;5;4;Si;742;0,807;14;0,853;10;36;No;265;28;Si;742
743;0,754;7;0,029;3;4;Si;743;0,995;16;0,455;10;36;No;265;30;Si;743
744;0,81;7;0,678;5;4;Si;744;0,647;14;0,261;10;36;No;265;28;Si;744
745;0,456;6;0,03;3;4;Si;745;0,685;14;0,469;10;33;No;265;28;Si;745
746;0,629;7;0,584;5;4;Si;746;0,252;12;0,947;10;34;No;265;26;Si;746
747;0,091;5;0,375;5;4;Si;747;0,652;14;0,141;8;32;Si;266;26;Si;747
748;0,553;6;0,968;7;4;Si;748;0,504;12;0,356;10;35;No;266;26;Si;748
749;0,717;7;0,694;5;4;Si;749;0,041;10;0,566;10;32;Si;267;24;Si;749
750;0,87;8;0,184;3;4;Si;750;0,512;12;0,852;10;33;No;267;26;Si;750
751;0,463;6;0,046;3;4;Si;751;0,088;10;0,165;8;27;Si;268;22;Si;751
752;0,555;6;0,463;5;4;Si;752;0,938;16;0,217;8;35;No;268;28;Si;752
753;0,701;7;0,808;7;4;Si;753;0,512;12;0,299;10;36;No;268;26;Si;753
754;0,71;7;0,63;5;4;Si;754;0,915;16;0,89;10;38;No;268;30;Si;754
755;0,272;6;0,635;5;4;Si;755;0,162;10;0,343;10;31;Si;269;24;Si;755
756;0,155;5;0,598;5;4;Si;756;0,184;10;0,026;8;28;Si;270;22;Si;756
757;0,127;5;0,727;5;4;Si;757;0,47;12;0,109;8;30;Si;271;24;Si;757
758;0,945;8;0,144;3;4;Si;758;0,292;12;0,079;8;31;Si;272;24;Si;758
759;0,52;6;0,227;5;4;Si;759;0,939;16;0,318;10;37;No;272;30;Si;759
760;0,572;6;0,035;3;4;Si;760;0,099;10;0,157;8;27;Si;273;22;Si;760
761;0,182;5;0,769;7;4;Si;761;0,445;12;0,854;10;34;No;273;26;Si;761
762;0,772;7;0,78;7;4;Si;762;0,224;10;0,339;10;34;No;273;24;Si;762
763;0,112;5;0,909;7;4;Si;763;0,515;12;0,307;10;34;No;273;26;Si;763
764;0,325;6;0,894;7;4;Si;764;0,272;12;0,602;10;35;No;273;26;Si;764
765;0,44;6;0,959;7;4;Si;765;0,861;16;0,394;10;39;No;273;30;Si;765
766;0,524;6;0,963;7;4;Si;766;0,576;12;0,402;10;35;No;273;26;Si;766
767;0,152;5;0,259;5;4;Si;767;0,709;14;0,341;10;34;No;273;28;Si;767
768;0,659;7;0,26;5;4;Si;768;0,119;10;0,182;8;30;Si;274;22;Si;768
769;0,138;5;0,406;5;4;Si;769;0,026;10;0,159;8;28;Si;275;22;Si;769
770;0,131;5;0,011;3;4;Si;770;0,965;16;0,134;8;32;Si;276;28;Si;770
771;0,648;7;0,203;5;4;Si;771;0,89;16;0,676;10;38;No;276;30;Si;771
772;0,144;5;0,355;5;4;Si;772;0,094;10;0,276;10;30;Si;277;24;Si;772
773;0,708;7;0,099;3;4;Si;773;0,577;12;0,386;10;32;Si;278;26;Si;773
774;0,8;7;0,949;7;4;Si;774;0,668;14;0,672;10;38;No;278;28;Si;774
775;0,034;5;0,952;7;4;Si;775;0,475;12;0,345;10;34;No;278;26;Si;775
776;0,218;5;0,638;5;4;Si;776;0,933;16;0,692;10;36;No;278;30;Si;776
777;0,294;6;0,402;5;4;Si;777;0,175;10;0,927;10;31;Si;279;24;Si;777
778;0,338;6;0,513;5;4;Si;778;0,505;12;0,871;10;33;No;279;26;Si;778
779;0,473;6;0,282;5;4;Si;779;0,917;16;0,067;8;35;No;279;28;Si;779
780;0,224;5;0,95;7;4;Si;780;0,696;14;0,481;10;36;No;279;28;Si;780
781;0,021;5;0,04;3;4;Si;781;0,069;10;0,35;10;28;Si;280;24;Si;781
782;0,527;6;0,83;7;4;Si;782;0,381;12;0,188;8;33;No;280;24;Si;782
783;0,609;7;0,83;7;4;Si;783;0,321;12;0,326;10;36;No;280;26;Si;783
784;0,854;8;0,777;7;4;Si;784;0,995;16;0,693;10;41;No;280;30;Si;784
785;0,414;6;0,127;3;4;Si;785;0,463;12;0,743;10;31;Si;281;26;Si;785
786;0,714;7;0,613;5;4;Si;786;0,993;16;0,647;10;38;No;281;30;Si;786
787;0,348;6;0,509;5;4;Si;787;0,757;14;0,562;10;35;No;281;28;Si;787
788;0,297;6;0,558;5;4;Si;788;0,194;10;0,149;8;29;Si;282;22;Si;788
789;0,277;6;0,924;7;4;Si;789;0,13;10;0,553;10;33;No;282;24;Si;789
790;0,229;5;0,627;5;4;Si;790;0,199;10;0,376;10;30;Si;283;24;Si;790
791;0,569;6;0,982;7;4;Si;791;0,801;14;0,009;8;35;No;283;26;Si;791
792;0,017;5;0,126;3;4;Si;792;0,826;14;0,411;10;32;Si;284;28;Si;792
793;0,443;6;0,438;5;4;Si;793;0,057;10;0,92;10;31;Si;285;24;Si;793
794;0,428;6;0,977;7;4;Si;794;0,107;10;0,261;10;33;No;285;24;Si;794
795;0,09;5;0,873;7;4;Si;795;0,826;14;0,279;10;36;No;285;28;Si;795
796;0,166;5;0,527;5;4;Si;796;0,234;10;0,136;8;28;Si;286;22;Si;796
797;0,834;7;0,587;5;4;Si;797;0,458;12;0,435;10;34;No;286;26;Si;797
798;0,404;6;0,981;7;4;Si;798;0,97;16;0,091;8;37;No;286;28;Si;798
799;0,234;5;0,279;5;4;Si;799;0,417;12;0,694;10;32;Si;287;26;Si;799
800;0,484;6;0,688;5;4;Si;800;0,33;12;0,573;10;33;No;287;26;Si;800
801;0,083;5;0,265;5;4;Si;801;0,498;12;0,046;8;30;Si;288;24;Si;801
802;0,25;6;0,575;5;4;Si;802;0,65;14;0,647;10;35;No;288;28;Si;802
803;0,049;5;0,91;7;4;Si;803;0,043;10;0,425;10;32;Si;289;24;Si;803
804;0,278;6;0,763;7;4;Si;804;0,187;10;0,51;10;33;No;289;24;Si;804
805;0,422;6;0,034;3;4;Si;805;0,937;16;0,093;8;33;No;289;28;Si;805
806;0,045;5;0,547;5;4;Si;806;0,035;10;0,604;10;30;Si;290;24;Si;806
807;0,691;7;0,839;7;4;Si;807;0,278;12;0,859;10;36;No;290;26;Si;807
808;0,384;6;0,716;5;4;Si;808;0,206;10;0,883;10;31;Si;291;24;Si;808
809;0,639;7;0,066;3;4;Si;809;0,625;14;0,478;10;34;No;291;28;Si;809
810;0,589;6;0,631;5;4;Si;810;0,573;12;0,996;10;33;No;291;26;Si;810
811;0,446;6;0,187;3;4;Si;811;0,306;12;0,356;10;31;Si;292;26;Si;811
812;0,13;5;0,152;3;4;Si;812;0,807;14;0,627;10;32;Si;293;28;Si;812
813;0,661;7;0,342;5;4;Si;813;0,098;10;0,216;8;30;Si;294;22;Si;813
814;0,839;7;0,367;5;4;Si;814;0,088;10;0,411;10;32;Si;295;24;Si;814
815;0,27;6;0,625;5;4;Si;815;0,301;12;0,933;10;33;No;295;26;Si;815
816;0,989;8;0,468;5;4;Si;816;0,124;10;0,925;10;33;No;295;24;Si;816
817;0,514;6;0,284;5;4;Si;817;0,447;12;0,571;10;33;No;295;26;Si;817
818;0,084;5;0,354;5;4;Si;818;0,003;10;0,436;10;30;Si;296;24;Si;818
819;0,187;5;0,281;5;4;Si;819;0,774;14;0,466;10;34;No;296;28;Si;819
820;0,473;6;0,81;7;4;Si;820;0,556;12;0,686;10;35;No;296;26;Si;820
821;0,776;7;0,021;3;4;Si;821;0,746;14;0,865;10;34;No;296;28;Si;821
822;0,945;8;0,975;7;4;Si;822;0,173;10;0,368;10;35;No;296;24;Si;822
823;0,881;8;0,286;5;4;Si;823;0,829;14;0,703;10;37;No;296;28;Si;823
824;0,666;7;0,048;3;4;Si;824;0,202;10;0,475;10;30;Si;297;24;Si;824
825;0,276;6;0,876;7;4;Si;825;0,44;12;0,755;10;35;No;297;26;Si;825
826;0,839;7;0,851;7;4;Si;826;0,208;10;0,809;10;34;No;297;24;Si;826
827;0,609;7;0,401;5;4;Si;827;0,736;14;0,241;8;34;No;297;26;Si;827
828;0,645;7;0,592;5;4;Si;828;0,746;14;0,057;8;34;No;297;26;Si;828
829;0,798;7;0,683;5;4;Si;829;0,128;10;0,645;10;32;Si;298;24;Si;829
830;0,658;7;0,838;7;4;Si;830;0,188;10;0,995;10;34;No;298;24;Si;830
831;0,316;6;0,042;3;4;Si;831;0,154;10;0,601;10;29;Si;299;24;Si;831
832;0,302;6;0,308;5;4;Si;832;0,988;16;0,229;8;35;No;299;28;Si;832
833;0,567;6;0,177;3;4;Si;833;0,716;14;0,219;8;31;Si;300;26;Si;833
834;0,812;7;0,951;7;4;Si;834;0,909;16;0,344;10;40;No;300;30;Si;834
835;0,806;7;0,37;5;4;Si;835;0,125;10;0,63;10;32;Si;301;24;Si;835
836;0,111;5;0,86;7;4;Si;836;0,998;16;0,036;8;36;No;301;28;Si;836
837;0,73;7;0,835;7;4;Si;837;0,667;14;0,203;8;36;No;301;26;Si;837
838;0,079;5;0,568;5;4;Si;838;0,518;12;0,445;10;32;Si;302;26;Si;838
839;0,657;7;0,922;7;4;Si;839;0,069;10;0,516;10;34;No;302;24;Si;839
840;0,096;5;0,176;3;4;Si;840;0,91;16;0,62;10;34;No;302;30;Si;840
841;0,604;7;0,827;7;4;Si;841;0,575;12;0,551;10;36;No;302;26;Si;841
842;0,049;5;0,381;5;4;Si;842;0,94;16;0,102;8;34;No;302;28;Si;842
843;0,819;7;0,464;5;4;Si;843;0,624;14;0,052;8;34;No;302;26;Si;843
844;0,13;5;0,351;5;4;Si;844;0,289;12;0,233;8;30;Si;303;24;Si;844
845;0,498;6;0,702;5;4;Si;845;0,362;12;0,396;10;33;No;303;26;Si;845
846;0,959;8;0,388;5;4;Si;846;0,383;12;0,736;10;35;No;303;26;Si;846
847;0,746;7;0,03;3;4;Si;847;0,7;14;0,975;10;34;No;303;28;Si;847
848;0,71;7;0,228;5;4;Si;848;0,052;10;0,988;10;32;Si;304;24;Si;848
849;0,322;6;0,998;7;4;Si;849;0,973;16;0,526;10;39;No;304;30;Si;849
850;0,817;7;0,984;7;4;Si;850;0,893;16;0,172;8;38;No;304;28;Si;850
851;0,607;7;0,631;5;4;Si;851;0,145;10;0,755;10;32;Si;305;24;Si;851
852;0,422;6;0,377;5;4;Si;852;0,808;14;0,036;8;33;No;305;26;Si;852
853;0,007;5;0,132;3;4;Si;853;0,463;12;0,316;10;30;Si;306;26;Si;853
854;0,801;7;0,264;5;4;Si;854;0,134;10;0;8;30;Si;307;22;Si;854
855;0,403;6;0,662;5;4;Si;855;0,815;14;0,322;10;35;No;307;28;Si;855
856;0,851;8;0,091;3;4;Si;856;0,848;14;0,543;10;35;No;307;28;Si;856
857;0,295;6;0,11;3;4;Si;857;0,329;12;0,067;8;29;Si;308;24;Si;857
858;0,888;8;0,431;5;4;Si;858;0,868;16;0,739;10;39;No;308;30;Si;858
859;0,972;8;0,232;5;4;Si;859;0,375;12;0,05;8;33;No;308;24;Si;859
860;0,001;5;0,585;5;4;Si;860;0,928;16;0,889;10;36;No;308;30;Si;860
861;0,642;7;0,02;3;4;Si;861;0,347;12;0,428;10;32;Si;309;26;Si;861
862;0,418;6;0,306;5;4;Si;862;0,652;14;0,087;8;33;No;309;26;Si;862
863;0,046;5;0,081;3;4;Si;863;0,046;10;0,808;10;28;Si;310;24;Si;863
864;0,751;7;0,066;3;4;Si;864;0,635;14;0,863;10;34;No;310;28;Si;864
865;0,886;8;0,788;7;4;Si;865;0,822;14;0,922;10;39;No;310;28;Si;865
866;0,56;6;0,967;7;4;Si;866;0,311;12;0,845;10;35;No;310;26;Si;866
867;0,702;7;0,336;5;4;Si;867;0,118;10;0,164;8;30;Si;311;22;Si;867
868;0,434;6;0,893;7;4;Si;868;0,315;12;0,167;8;33;No;311;24;Si;868
869;0,778;7;0,305;5;4;Si;869;0,784;14;0,608;10;36;No;311;28;Si;869
870;0,806;7;0,116;3;4;Si;870;0,238;10;0,79;10;30;Si;312;24;Si;870
871;0,388;6;0,817;7;4;Si;871;0,699;14;0,06;8;35;No;312;26;Si;871
872;0,168;5;0,245;5;4;Si;872;0,12;10;0,192;8;28;Si;313;22;Si;872
873;0,737;7;0,38;5;4;Si;873;0,612;14;0,796;10;36;No;313;28;Si;873
874;0,962;8;0,36;5;4;Si;874;0,438;12;0,104;8;33;No;313;24;Si;874
875;0,797;7;0,144;3;4;Si;875;0;10;0,769;10;30;Si;314;24;Si;875
876;0,973;8;0,581;5;4;Si;876;0,814;14;0,997;10;37;No;314;28;Si;876
877;0,52;6;0,397;5;4;Si;877;0,727;14;0,947;10;35;No;314;28;Si;877
878;0,974;8;0,179;3;4;Si;878;0,827;14;0,406;10;35;No;314;28;Si;878
879;0,757;7;0,177;3;4;Si;879;0,069;10;0,068;8;28;Si;315;22;Si;879
880;0,486;6;0,922;7;4;Si;880;0,181;10;0,499;10;33;No;315;24;Si;880
881;0,997;8;0,968;7;4;Si;881;0,675;14;0,942;10;39;No;315;28;Si;881
882;0,471;6;0,191;3;4;Si;882;0,896;16;0,56;10;35;No;315;30;Si;882
883;0,692;7;0,663;5;4;Si;883;0,653;14;0,682;10;36;No;315;28;Si;883
884;0,29;6;0,914;7;4;Si;884;0,843;14;0,959;10;37;No;315;28;Si;884
885;0,734;7;0,783;7;4;Si;885;0,732;14;0,493;10;38;No;315;28;Si;885
886;0,252;6;0,22;5;4;Si;886;0,013;10;0,936;10;31;Si;316;24;Si;886
887;0,008;5;0,129;3;4;Si;887;0,055;10;0,693;10;28;Si;317;24;Si;887
888;0,648;7;0,948;7;4;Si;888;0,147;10;0,582;10;34;No;317;24;Si;888
889;0,988;8;0,668;5;4;Si;889;0,403;12;0,966;10;35;No;317;26;Si;889
890;0,887;8;0,366;5;4;Si;890;0,965;16;0,325;10;39;No;317;30;Si;890
891;0,815;7;0,883;7;4;Si;891;0,288;12;0,903;10;36;No;317;26;Si;891
892;0,561;6;0,619;5;4;Si;892;0,787;14;0,255;10;35;No;317;28;Si;892
893;0,339;6;0,266;5;4;Si;893;0,441;12;0,362;10;33;No;317;26;Si;893
894;0,137;5;0,002;3;4;Si;894;0,156;10;0,623;10;28;Si;318;24;Si;894
895;0,388;6;0,882;7;4;Si;895;0,063;10;0,162;8;31;Si;319;22;Si;895
896;0,65;7;0,517;5;4;Si;896;0,989;16;0,786;10;38;No;319;30;Si;896
897;0,399;6;0,346;5;4;Si;897;0,34;12;0,561;10;33;No;319;26;Si;897
898;0,211;5;0,922;7;4;Si;898;0,576;12;0,472;10;34;No;319;26;Si;898
899;0,097;5;0,794;7;4;Si;899;0,996;16;0,018;8;36;No;319;28;Si;899
900;0,043;5;0,698;5;4;Si;900;0,282;12;0,784;10;32;Si;320;26;Si;900
901;0,834;7;0,656;5;4;Si;901;0,648;14;0,479;10;36;No;320;28;Si;901
902;0,756;7;0,827;7;4;Si;902;0,104;10;0,678;10;34;No;320;24;Si;902
903;0,914;8;0,614;5;4;Si;903;0,114;10;0,046;8;31;Si;321;22;Si;903
904;0,429;6;0,903;7;4;Si;904;0,231;10;0,904;10;33;No;321;24;Si;904
905;0,989;8;0,439;5;4;Si;905;0,437;12;0,921;10;35;No;321;26;Si;905
906;0,564;6;0,917;7;4;Si;906;0,209;10;0,769;10;33;No;321;24;Si;906
907;0,119;5;0,645;5;4;Si;907;0,116;10;0,223;8;28;Si;322;22;Si;907
908;0,453;6;0,956;7;4;Si;908;0,296;12;0,445;10;35;No;322;26;Si;908
909;0,388;6;0,287;5;4;Si;909;0,47;12;0,229;8;31;Si;323;24;Si;909
910;0,803;7;0,591;5;4;Si;910;0,545;12;0,169;8;32;Si;324;24;Si;910
911;0,118;5;0,824;7;4;Si;911;0,097;10;0,951;10;32;Si;325;24;Si;911
912;0,915;8;0,902;7;4;Si;912;0,2;10;0,907;10;35;No;325;24;Si;912
913;0,963;8;0,758;7;4;Si;913;0,754;14;0,797;10;39;No;325;28;Si;913
914;0,574;6;0,323;5;4;Si;914;0,374;12;0,616;10;33;No;325;26;Si;914
915;0,488;6;0,199;3;4;Si;915;0,456;12;0,43;10;31;Si;326;26;Si;915
916;0,936;8;0,758;7;4;Si;916;0,923;16;0,93;10;41;No;326;30;Si;916
917;0,694;7;0,794;7;4;Si;917;0,253;12;0,79;10;36;No;326;26;Si;917
918;0,293;6;0,722;5;4;Si;918;0,885;16;0,197;8;35;No;326;28;Si;918
919;0,297;6;0,852;7;4;Si;919;0,673;14;0,268;10;37;No;326;28;Si;919
920;0,26;6;0,595;5;4;Si;920;0,193;10;0,242;8;29;Si;327;22;Si;920
921;0,153;5;0,747;5;4;Si;921;0,127;10;0,381;10;30;Si;328;24;Si;921
922;0,826;7;0,247;5;4;Si;922;0,609;14;0,916;10;36;No;328;28;Si;922
923;0,588;6;0,156;3;4;Si;923;0,729;14;0,068;8;31;Si;329;26;Si;923
924;0,414;6;0,164;3;4;Si;924;0,402;12;0,735;10;31;Si;330;26;Si;924
925;0,182;5;0,919;7;4;Si;925;0,538;12;0,035;8;32;Si;331;24;Si;925
926;0,174;5;0,675;5;4;Si;926;0,073;10;0,118;8;28;Si;332;22;Si;926
927;0,733;7;0,3;5;4;Si;927;0,463;12;0,143;8;32;Si;333;24;Si;927
928;0,928;8;0,888;7;4;Si;928;0,654;14;0,006;8;37;No;333;26;Si;928
929;0,115;5;0,341;5;4;Si;929;0,581;12;0,837;10;32;Si;334;26;Si;929
930;0,237;5;0,296;5;4;Si;930;0,708;14;0,994;10;34;No;334;28;Si;930
931;0,789;7;0,546;5;4;Si;931;0,401;12;0,438;10;34;No;334;26;Si;931
932;0,352;6;0,757;7;4;Si;932;0,212;10;0,566;10;33;No;334;24;Si;932
933;0,096;5;0,638;5;4;Si;933;0,483;12;0,686;10;32;Si;335;26;Si;933
934;0,012;5;0,218;5;4;Si;934;0,32;12;0,898;10;32;Si;336;26;Si;934
935;0,085;5;0,801;7;4;Si;935;0,511;12;0,221;8;32;Si;337;24;Si;935
936;0,866;8;0,063;3;4;Si;936;0,668;14;0,543;10;35;No;337;28;Si;936
937;0,871;8;0,604;5;4;Si;937;0,224;10;0,422;10;33;No;337;24;Si;937
938;0,252;6;0,061;3;4;Si;938;0,935;16;0,328;10;35;No;337;30;Si;938
939;0,451;6;0,549;5;4;Si;939;0,298;12;0,067;8;31;Si;338;24;Si;939
940;0,59;6;0,094;3;4;Si;940;0,557;12;0,802;10;31;Si;339;26;Si;940
941;0,454;6;0,354;5;4;Si;941;0,672;14;0,442;10;35;No;339;28;Si;941
942;0,763;7;0,936;7;4;Si;942;0,536;12;0,309;10;36;No;339;26;Si;942
943;0,825;7;0,773;7;4;Si;943;0,124;10;0,444;10;34;No;339;24;Si;943
944;0,388;6;0,257;5;4;Si;944;0,464;12;0,98;10;33;No;339;26;Si;944
945;0,668;7;0,542;5;4;Si;945;0,691;14;0,067;8;34;No;339;26;Si;945
946;0,39;6;0,399;5;4;Si;946;0,286;12;0,363;10;33;No;339;26;Si;946
947;0,238;5;0,767;7;4;Si;947;0,065;10;0,497;10;32;Si;340;24;Si;947
948;0,573;6;0,183;3;4;Si;948;0,55;12;0,468;10;31;Si;341;26;Si;948
949;0,302;6;0,984;7;4;Si;949;0,708;14;0,809;10;37;No;341;28;Si;949
950;0,782;7;0,858;7;4;Si;950;0,415;12;0,268;10;36;No;341;26;Si;950
951;0,231;5;0,125;3;4;Si;951;0,427;12;0,087;8;28;Si;342;24;Si;951
952;0,299;6;0,829;7;4;Si;952;0,091;10;0,725;10;33;No;342;24;Si;952
953;0,741;7;0,36;5;4;Si;953;0,797;14;0,193;8;34;No;342;26;Si;953
954;0,873;8;0,652;5;4;Si;954;0,917;16;0,469;10;39;No;342;30;Si;954
955;0,9;8;0,217;5;4;Si;955;0,819;14;0,777;10;37;No;342;28;Si;955
956;0,755;7;0,427;5;4;Si;956;0,337;12;0,905;10;34;No;342;26;Si;956
957;0,015;5;0,088;3;4;Si;957;0,388;12;0,563;10;30;Si;343;26;Si;957
958;0,152;5;0,532;5;4;Si;958;0,322;12;0,607;10;32;Si;344;26;Si;958
959;0,904;8;0,853;7;4;Si;959;0,364;12;0,094;8;35;No;344;24;Si;959
960;0,259;6;0,106;3;4;Si;960;0,327;12;0,001;8;29;Si;345;24;Si;960
961;0,461;6;0,776;7;4;Si;961;0,635;14;0,77;10;37;No;345;28;Si;961
962;0,841;7;0,863;7;4;Si;962;0,35;12;0,974;10;36;No;345;26;Si;962
963;0,266;6;0,916;7;4;Si;963;0,849;14;0,273;10;37;No;345;28;Si;963
964;0,817;7;0,383;5;4;Si;964;0,822;14;0,425;10;36;No;345;28;Si;964
965;0,159;5;0,007;3;4;Si;965;0,358;12;0,997;10;30;Si;346;26;Si;965
966;0,019;5;0,049;3;4;Si;966;0,787;14;0,283;10;32;Si;347;28;Si;966
967;0,494;6;0,43;5;4;Si;967;0,507;12;0,374;10;33;No;347;26;Si;967
968;0,329;6;0,64;5;4;Si;968;0,545;12;0,756;10;33;No;347;26;Si;968
969;0,093;5;0,745;5;4;Si;969;0,199;10;0,827;10;30;Si;348;24;Si;969
970;0,743;7;0,077;3;4;Si;970;0,312;12;0,626;10;32;Si;349;26;Si;970
971;0,788;7;0,14;3;4;Si;971;0,751;14;0,317;10;34;No;349;28;Si;971
972;0,143;5;0,645;5;4;Si;972;0,475;12;0,347;10;32;Si;350;26;Si;972
973;0,062;5;0,74;5;4;Si;973;0,089;10;0,53;10;30;Si;351;24;Si;973
974;0,456;6;0,122;3;4;Si;974;0,298;12;0,53;10;31;Si;352;26;Si;974
975;0,323;6;0,446;5;4;Si;975;0,505;12;0,839;10;33;No;352;26;Si;975
976;0,962;8;0,698;5;4;Si;976;0,155;10;0,113;8;31;Si;353;22;Si;976
977;0,691;7;0,549;5;4;Si;977;0,681;14;0,278;10;36;No;353;28;Si;977
978;0,443;6;0,572;5;4;Si;978;0,558;12;0,261;10;33;No;353;26;Si;978
979;0,26;6;0,597;5;4;Si;979;0,702;14;0,87;10;35;No;353;28;Si;979
980;0,399;6;0,934;7;4;Si;980;0,015;10;0,43;10;33;No;353;24;Si;980
981;0,361;6;0,853;7;4;Si;981;0,456;12;0,596;10;35;No;353;26;Si;981
982;0,818;7;0,827;7;4;Si;982;0,278;12;0,37;10;36;No;353;26;Si;982
983;0,545;6;0,024;3;4;Si;983;0,861;16;0,668;10;35;No;353;30;Si;983
984;0,322;6;0,078;3;4;Si;984;0,184;10;0,461;10;29;Si;354;24;Si;984
985;0,955;8;0,383;5;4;Si;985;0,361;12;0,993;10;35;No;354;26;Si;985
986;0,935;8;0,854;7;4;Si;986;0,471;12;0,724;10;37;No;354;26;Si;986
987;0,722;7;0,788;7;4;Si;987;0,195;10;0,431;10;34;No;354;24;Si;987
988;0,03;5;0,765;7;4;Si;988;0,682;14;0,251;10;36;No;354;28;Si;988
989;0,135;5;0,65;5;4;Si;989;0,735;14;0,343;10;34;No;354;28;Si;989
990;0,844;7;0,246;5;4;Si;990;0,641;14;0,679;10;36;No;354;28;Si;990
991;0,184;5;0,884;7;4;Si;991;0,944;16;0,567;10;38;No;354;30;Si;991
992;0,134;5;0,618;5;4;Si;992;0,62;14;0,2;8;32;Si;355;26;Si;992
993;0,943;8;0,624;5;4;Si;993;0,589;12;0,578;10;35;No;355;26;Si;993
994;0,127;5;0,275;5;4;Si;994;0,209;10;0,883;10;30;Si;356;24;Si;994
995;0,489;6;0,764;7;4;Si;995;0,445;12;0,578;10;35;No;356;26;Si;995
996;0,05;5;0,37;5;4;Si;996;0,018;10;0,259;10;30;Si;357;24;Si;996
997;0,236;5;0,092;3;4;Si;997;0,444;12;0,223;8;28;Si;358;24;Si;997
998;0,753;7;0,803;7;4;Si;998;0,1;10;0,885;10;34;No;358;24;Si;998
999;0,475;6;0,034;3;4;Si;999;0,992;16;0,359;10;35;No;358;30;Si;999
1000;0,673;7;0,069;3;4;Si;1000;0,82;14;0,71;10;34;No;358;28;Si;1000
